6,9,0DE1wDYJQ0eMOj685Jptp1b7GqE=,e5A8CLmi2OKu/NsaZc3+il+4WRI=
6,10,0DE1wDYJQ0eMOj685Jptp1b7GqE=,e5A8CLmi2OKu/NsaZc3+il+4WRI=
5,9,0DE1wDYJQ0eMOj685Jptp1b7GqE=,e5A8CLmi2OKu/NsaZc3+il+4WRI=
5,10,0DE1wDYJQ0eMOj685Jptp1b7GqE=,e5A8CLmi2OKu/NsaZc3+il+4WRI=
13,6,0DE1wDYJQ0eMOj685Jptp1b7GqE=,S1Splknp2Ff77yBgvCE7XrxhoYM=
14,6,0DE1wDYJQ0eMOj685Jptp1b7GqE=,S1Splknp2Ff77yBgvCE7XrxhoYM=
14,5,0DE1wDYJQ0eMOj685Jptp1b7GqE=,S1Splknp2Ff77yBgvCE7XrxhoYM=
13,5,0DE1wDYJQ0eMOj685Jptp1b7GqE=,S1Splknp2Ff77yBgvCE7XrxhoYM=
8,9,0DE1wDYJQ0eMOj685Jptp1b7GqE=,7s+8thaokinIfFj42EdsN6KUuwI=
9,10,0DE1wDYJQ0eMOj685Jptp1b7GqE=,7s+8thaokinIfFj42EdsN6KUuwI=
8,10,0DE1wDYJQ0eMOj685Jptp1b7GqE=,7s+8thaokinIfFj42EdsN6KUuwI=
9,9,0DE1wDYJQ0eMOj685Jptp1b7GqE=,7s+8thaokinIfFj42EdsN6KUuwI=
10,10,0DE1wDYJQ0eMOj685Jptp1b7GqE=,7s+8thaokinIfFj42EdsN6KUuwI=
10,9,0DE1wDYJQ0eMOj685Jptp1b7GqE=,7s+8thaokinIfFj42EdsN6KUuwI=
7,9,0DE1wDYJQ0eMOj685Jptp1b7GqE=,e5A8CLmi2OKu/NsaZc3+il+4WRI=
7,10,0DE1wDYJQ0eMOj685Jptp1b7GqE=,e5A8CLmi2OKu/NsaZc3+il+4WRI=
13,7,0DE1wDYJQ0eMOj685Jptp1b7GqE=,S1Splknp2Ff77yBgvCE7XrxhoYM=
13,8,0DE1wDYJQ0eMOj685Jptp1b7GqE=,W/J5zvpowhAu9PQ2czABdD1wndI=
12,10,0DE1wDYJQ0eMOj685Jptp1b7GqE=,W/J5zvpowhAu9PQ2czABdD1wndI=
11,10,0DE1wDYJQ0eMOj685Jptp1b7GqE=,7s+8thaokinIfFj42EdsN6KUuwI=
14,7,0DE1wDYJQ0eMOj685Jptp1b7GqE=,S1Splknp2Ff77yBgvCE7XrxhoYM=
11,9,0DE1wDYJQ0eMOj685Jptp1b7GqE=,7s+8thaokinIfFj42EdsN6KUuwI=
14,9,0DE1wDYJQ0eMOj685Jptp1b7GqE=,W/J5zvpowhAu9PQ2czABdD1wndI=
12,9,0DE1wDYJQ0eMOj685Jptp1b7GqE=,W/J5zvpowhAu9PQ2czABdD1wndI=
14,10,0DE1wDYJQ0eMOj685Jptp1b7GqE=,W/J5zvpowhAu9PQ2czABdD1wndI=
13,10,0DE1wDYJQ0eMOj685Jptp1b7GqE=,W/J5zvpowhAu9PQ2czABdD1wndI=
13,9,0DE1wDYJQ0eMOj685Jptp1b7GqE=,W/J5zvpowhAu9PQ2czABdD1wndI=
14,8,0DE1wDYJQ0eMOj685Jptp1b7GqE=,W/J5zvpowhAu9PQ2czABdD1wndI=
6,8,0DE1wDYJQ0eMOj685Jptp1b7GqE=,e5A8CLmi2OKu/NsaZc3+il+4WRI=
5,5,9hLk09RMRpa7hT8+7gZODG0T11w=,N6Ga0sGYnB3I7ixLPrmC87ilX04=
6,5,9hLk09RMRpa7hT8+7gZODG0T11w=,N6Ga0sGYnB3I7ixLPrmC87ilX04=
5,8,9hLk09RMRpa7hT8+7gZODG0T11w=,e5A8CLmi2OKu/NsaZc3+il+4WRI=
6,6,9hLk09RMRpa7hT8+7gZODG0T11w=,N6Ga0sGYnB3I7ixLPrmC87ilX04=
6,7,9hLk09RMRpa7hT8+7gZODG0T11w=,N6Ga0sGYnB3I7ixLPrmC87ilX04=
5,6,9hLk09RMRpa7hT8+7gZODG0T11w=,N6Ga0sGYnB3I7ixLPrmC87ilX04=
7,8,9hLk09RMRpa7hT8+7gZODG0T11w=,e5A8CLmi2OKu/NsaZc3+il+4WRI=
5,7,9hLk09RMRpa7hT8+7gZODG0T11w=,N6Ga0sGYnB3I7ixLPrmC87ilX04=
11,7,9hLk09RMRpa7hT8+7gZODG0T11w=,ySjyZbTwTUzPIhW7B460fhFmqqc=
10,7,9hLk09RMRpa7hT8+7gZODG0T11w=,ySjyZbTwTUzPIhW7B460fhFmqqc=
12,6,9hLk09RMRpa7hT8+7gZODG0T11w=,S1Splknp2Ff77yBgvCE7XrxhoYM=
7,7,9hLk09RMRpa7hT8+7gZODG0T11w=,N6Ga0sGYnB3I7ixLPrmC87ilX04=
11,8,9hLk09RMRpa7hT8+7gZODG0T11w=,7s+8thaokinIfFj42EdsN6KUuwI=
10,8,9hLk09RMRpa7hT8+7gZODG0T11w=,7s+8thaokinIfFj42EdsN6KUuwI=
9,8,9hLk09RMRpa7hT8+7gZODG0T11w=,7s+8thaokinIfFj42EdsN6KUuwI=
9,7,9hLk09RMRpa7hT8+7gZODG0T11w=,ySjyZbTwTUzPIhW7B460fhFmqqc=
8,8,9hLk09RMRpa7hT8+7gZODG0T11w=,7s+8thaokinIfFj42EdsN6KUuwI=
7,5,9hLk09RMRpa7hT8+7gZODG0T11w=,N6Ga0sGYnB3I7ixLPrmC87ilX04=
12,5,9hLk09RMRpa7hT8+7gZODG0T11w=,S1Splknp2Ff77yBgvCE7XrxhoYM=
12,7,9hLk09RMRpa7hT8+7gZODG0T11w=,S1Splknp2Ff77yBgvCE7XrxhoYM=
12,8,9hLk09RMRpa7hT8+7gZODG0T11w=,W/J5zvpowhAu9PQ2czABdD1wndI=
11,6,9hLk09RMRpa7hT8+7gZODG0T11w=,ySjyZbTwTUzPIhW7B460fhFmqqc=
11,5,9hLk09RMRpa7hT8+7gZODG0T11w=,ySjyZbTwTUzPIhW7B460fhFmqqc=
10,6,9hLk09RMRpa7hT8+7gZODG0T11w=,ySjyZbTwTUzPIhW7B460fhFmqqc=
8,7,9hLk09RMRpa7hT8+7gZODG0T11w=,ySjyZbTwTUzPIhW7B460fhFmqqc=
10,5,9hLk09RMRpa7hT8+7gZODG0T11w=,ySjyZbTwTUzPIhW7B460fhFmqqc=
9,5,9hLk09RMRpa7hT8+7gZODG0T11w=,ySjyZbTwTUzPIhW7B460fhFmqqc=
9,6,9hLk09RMRpa7hT8+7gZODG0T11w=,ySjyZbTwTUzPIhW7B460fhFmqqc=
8,5,9hLk09RMRpa7hT8+7gZODG0T11w=,ySjyZbTwTUzPIhW7B460fhFmqqc=
8,6,9hLk09RMRpa7hT8+7gZODG0T11w=,ySjyZbTwTUzPIhW7B460fhFmqqc=
7,6,9hLk09RMRpa7hT8+7gZODG0T11w=,N6Ga0sGYnB3I7ixLPrmC87ilX04=
5,2,9hLk09RMRpa7hT8+7gZODG0T11w=,Ndk+dGfegi2RwXCyChV7AkHjr8E=
5,4,9hLk09RMRpa7hT8+7gZODG0T11w=,N6Ga0sGYnB3I7ixLPrmC87ilX04=
5,1,9hLk09RMRpa7hT8+7gZODG0T11w=,Ndk+dGfegi2RwXCyChV7AkHjr8E=
8,2,9hLk09RMRpa7hT8+7gZODG0T11w=,pej+sz1hSv8uwRsLHMuEKUiHxQk=
7,3,9hLk09RMRpa7hT8+7gZODG0T11w=,Ndk+dGfegi2RwXCyChV7AkHjr8E=
7,2,9hLk09RMRpa7hT8+7gZODG0T11w=,Ndk+dGfegi2RwXCyChV7AkHjr8E=
7,1,9hLk09RMRpa7hT8+7gZODG0T11w=,Ndk+dGfegi2RwXCyChV7AkHjr8E=
10,3,9hLk09RMRpa7hT8+7gZODG0T11w=,pej+sz1hSv8uwRsLHMuEKUiHxQk=
4,5,9hLk09RMRpa7hT8+7gZODG0T11w=,N6Ga0sGYnB3I7ixLPrmC87ilX04=
10,4,9hLk09RMRpa7hT8+7gZODG0T11w=,ySjyZbTwTUzPIhW7B460fhFmqqc=
7,4,9hLk09RMRpa7hT8+7gZODG0T11w=,N6Ga0sGYnB3I7ixLPrmC87ilX04=
6,1,9hLk09RMRpa7hT8+7gZODG0T11w=,Ndk+dGfegi2RwXCyChV7AkHjr8E=
3,6,9hLk09RMRpa7hT8+7gZODG0T11w=,t+ncGAABxwJme5xuhaTBRXATtb4=
5,3,9hLk09RMRpa7hT8+7gZODG0T11w=,Ndk+dGfegi2RwXCyChV7AkHjr8E=
9,4,9hLk09RMRpa7hT8+7gZODG0T11w=,ySjyZbTwTUzPIhW7B460fhFmqqc=
10,2,9hLk09RMRpa7hT8+7gZODG0T11w=,pej+sz1hSv8uwRsLHMuEKUiHxQk=
9,1,9hLk09RMRpa7hT8+7gZODG0T11w=,pej+sz1hSv8uwRsLHMuEKUiHxQk=
8,1,9hLk09RMRpa7hT8+7gZODG0T11w=,pej+sz1hSv8uwRsLHMuEKUiHxQk=
8,3,9hLk09RMRpa7hT8+7gZODG0T11w=,pej+sz1hSv8uwRsLHMuEKUiHxQk=
9,2,9hLk09RMRpa7hT8+7gZODG0T11w=,pej+sz1hSv8uwRsLHMuEKUiHxQk=
9,3,9hLk09RMRpa7hT8+7gZODG0T11w=,pej+sz1hSv8uwRsLHMuEKUiHxQk=
8,4,9hLk09RMRpa7hT8+7gZODG0T11w=,ySjyZbTwTUzPIhW7B460fhFmqqc=
3,5,9hLk09RMRpa7hT8+7gZODG0T11w=,t+ncGAABxwJme5xuhaTBRXATtb4=
4,6,9hLk09RMRpa7hT8+7gZODG0T11w=,N6Ga0sGYnB3I7ixLPrmC87ilX04=
2,1,9hLk09RMRpa7hT8+7gZODG0T11w=,W/J5zvpowhAu9PQ2czABdD1wndI=
10,1,9hLk09RMRpa7hT8+7gZODG0T11w=,pej+sz1hSv8uwRsLHMuEKUiHxQk=
1,5,9hLk09RMRpa7hT8+7gZODG0T11w=,t+ncGAABxwJme5xuhaTBRXATtb4=
6,2,9hLk09RMRpa7hT8+7gZODG0T11w=,Ndk+dGfegi2RwXCyChV7AkHjr8E=
2,2,9hLk09RMRpa7hT8+7gZODG0T11w=,W/J5zvpowhAu9PQ2czABdD1wndI=
2,6,9hLk09RMRpa7hT8+7gZODG0T11w=,t+ncGAABxwJme5xuhaTBRXATtb4=
6,3,9hLk09RMRpa7hT8+7gZODG0T11w=,Ndk+dGfegi2RwXCyChV7AkHjr8E=
1,4,9hLk09RMRpa7hT8+7gZODG0T11w=,t+ncGAABxwJme5xuhaTBRXATtb4=
2,3,9hLk09RMRpa7hT8+7gZODG0T11w=,W/J5zvpowhAu9PQ2czABdD1wndI=
2,5,9hLk09RMRpa7hT8+7gZODG0T11w=,t+ncGAABxwJme5xuhaTBRXATtb4=
6,4,9hLk09RMRpa7hT8+7gZODG0T11w=,N6Ga0sGYnB3I7ixLPrmC87ilX04=
4,4,9hLk09RMRpa7hT8+7gZODG0T11w=,N6Ga0sGYnB3I7ixLPrmC87ilX04=
2,4,9hLk09RMRpa7hT8+7gZODG0T11w=,t+ncGAABxwJme5xuhaTBRXATtb4=
1,6,9hLk09RMRpa7hT8+7gZODG0T11w=,t+ncGAABxwJme5xuhaTBRXATtb4=
3,3,9hLk09RMRpa7hT8+7gZODG0T11w=,W/J5zvpowhAu9PQ2czABdD1wndI=
1,1,9hLk09RMRpa7hT8+7gZODG0T11w=,W/J5zvpowhAu9PQ2czABdD1wndI=
3,2,9hLk09RMRpa7hT8+7gZODG0T11w=,W/J5zvpowhAu9PQ2czABdD1wndI=
4,2,9hLk09RMRpa7hT8+7gZODG0T11w=,Ndk+dGfegi2RwXCyChV7AkHjr8E=
1,3,9hLk09RMRpa7hT8+7gZODG0T11w=,W/J5zvpowhAu9PQ2czABdD1wndI=
4,1,9hLk09RMRpa7hT8+7gZODG0T11w=,Ndk+dGfegi2RwXCyChV7AkHjr8E=
15,5,9hLk09RMRpa7hT8+7gZODG0T11w=,S1Splknp2Ff77yBgvCE7XrxhoYM=
15,6,9hLk09RMRpa7hT8+7gZODG0T11w=,S1Splknp2Ff77yBgvCE7XrxhoYM=
1,2,9hLk09RMRpa7hT8+7gZODG0T11w=,W/J5zvpowhAu9PQ2czABdD1wndI=
3,4,9hLk09RMRpa7hT8+7gZODG0T11w=,t+ncGAABxwJme5xuhaTBRXATtb4=
3,1,9hLk09RMRpa7hT8+7gZODG0T11w=,W/J5zvpowhAu9PQ2czABdD1wndI=
9,0,9hLk09RMRpa7hT8+7gZODG0T11w=,pej+sz1hSv8uwRsLHMuEKUiHxQk=
4,3,9hLk09RMRpa7hT8+7gZODG0T11w=,Ndk+dGfegi2RwXCyChV7AkHjr8E=
10,0,9hLk09RMRpa7hT8+7gZODG0T11w=,pej+sz1hSv8uwRsLHMuEKUiHxQk=
6,0,9hLk09RMRpa7hT8+7gZODG0T11w=,Ndk+dGfegi2RwXCyChV7AkHjr8E=
7,0,9hLk09RMRpa7hT8+7gZODG0T11w=,Ndk+dGfegi2RwXCyChV7AkHjr8E=
3,0,9hLk09RMRpa7hT8+7gZODG0T11w=,W/J5zvpowhAu9PQ2czABdD1wndI=
8,0,9hLk09RMRpa7hT8+7gZODG0T11w=,pej+sz1hSv8uwRsLHMuEKUiHxQk=
0,1,9hLk09RMRpa7hT8+7gZODG0T11w=,W/J5zvpowhAu9PQ2czABdD1wndI=
1,0,9hLk09RMRpa7hT8+7gZODG0T11w=,W/J5zvpowhAu9PQ2czABdD1wndI=
4,0,9hLk09RMRpa7hT8+7gZODG0T11w=,Ndk+dGfegi2RwXCyChV7AkHjr8E=
2,0,9hLk09RMRpa7hT8+7gZODG0T11w=,W/J5zvpowhAu9PQ2czABdD1wndI=
5,0,9hLk09RMRpa7hT8+7gZODG0T11w=,Ndk+dGfegi2RwXCyChV7AkHjr8E=
0,6,9hLk09RMRpa7hT8+7gZODG0T11w=,t+ncGAABxwJme5xuhaTBRXATtb4=
0,2,9hLk09RMRpa7hT8+7gZODG0T11w=,W/J5zvpowhAu9PQ2czABdD1wndI=
0,5,9hLk09RMRpa7hT8+7gZODG0T11w=,t+ncGAABxwJme5xuhaTBRXATtb4=
0,4,9hLk09RMRpa7hT8+7gZODG0T11w=,t+ncGAABxwJme5xuhaTBRXATtb4=
0,3,9hLk09RMRpa7hT8+7gZODG0T11w=,W/J5zvpowhAu9PQ2czABdD1wndI=
5,12,9hLk09RMRpa7hT8+7gZODG0T11w=,D7EkAxRmQU8p0+j70zvsRpka86E=
5,11,9hLk09RMRpa7hT8+7gZODG0T11w=,e5A8CLmi2OKu/NsaZc3+il+4WRI=
6,12,9hLk09RMRpa7hT8+7gZODG0T11w=,D7EkAxRmQU8p0+j70zvsRpka86E=
5,13,9hLk09RMRpa7hT8+7gZODG0T11w=,D7EkAxRmQU8p0+j70zvsRpka86E=
6,13,9hLk09RMRpa7hT8+7gZODG0T11w=,D7EkAxRmQU8p0+j70zvsRpka86E=
6,11,9hLk09RMRpa7hT8+7gZODG0T11w=,e5A8CLmi2OKu/NsaZc3+il+4WRI=
5,14,9hLk09RMRpa7hT8+7gZODG0T11w=,D7EkAxRmQU8p0+j70zvsRpka86E=
6,14,9hLk09RMRpa7hT8+7gZODG0T11w=,D7EkAxRmQU8p0+j70zvsRpka86E=
8,11,9hLk09RMRpa7hT8+7gZODG0T11w=,7s+8thaokinIfFj42EdsN6KUuwI=
9,11,9hLk09RMRpa7hT8+7gZODG0T11w=,7s+8thaokinIfFj42EdsN6KUuwI=
10,11,9hLk09RMRpa7hT8+7gZODG0T11w=,7s+8thaokinIfFj42EdsN6KUuwI=
7,12,9hLk09RMRpa7hT8+7gZODG0T11w=,D7EkAxRmQU8p0+j70zvsRpka86E=
7,13,9hLk09RMRpa7hT8+7gZODG0T11w=,D7EkAxRmQU8p0+j70zvsRpka86E=
7,11,9hLk09RMRpa7hT8+7gZODG0T11w=,e5A8CLmi2OKu/NsaZc3+il+4WRI=
7,14,9hLk09RMRpa7hT8+7gZODG0T11w=,D7EkAxRmQU8p0+j70zvsRpka86E=
5,15,9hLk09RMRpa7hT8+7gZODG0T11w=,D7EkAxRmQU8p0+j70zvsRpka86E=
6,15,9hLk09RMRpa7hT8+7gZODG0T11w=,D7EkAxRmQU8p0+j70zvsRpka86E=
7,15,9hLk09RMRpa7hT8+7gZODG0T11w=,D7EkAxRmQU8p0+j70zvsRpka86E=
15,8,9hLk09RMRpa7hT8+7gZODG0T11w=,W/J5zvpowhAu9PQ2czABdD1wndI=
15,10,9hLk09RMRpa7hT8+7gZODG0T11w=,W/J5zvpowhAu9PQ2czABdD1wndI=
15,7,9hLk09RMRpa7hT8+7gZODG0T11w=,S1Splknp2Ff77yBgvCE7XrxhoYM=
15,9,9hLk09RMRpa7hT8+7gZODG0T11w=,W/J5zvpowhAu9PQ2czABdD1wndI=
12,11,9hLk09RMRpa7hT8+7gZODG0T11w=,W/J5zvpowhAu9PQ2czABdD1wndI=
13,11,9hLk09RMRpa7hT8+7gZODG0T11w=,W/J5zvpowhAu9PQ2czABdD1wndI=
11,11,9hLk09RMRpa7hT8+7gZODG0T11w=,7s+8thaokinIfFj42EdsN6KUuwI=
14,11,9hLk09RMRpa7hT8+7gZODG0T11w=,W/J5zvpowhAu9PQ2czABdD1wndI=
15,11,9hLk09RMRpa7hT8+7gZODG0T11w=,W/J5zvpowhAu9PQ2czABdD1wndI=
0,0,9hLk09RMRpa7hT8+7gZODG0T11w=,W/J5zvpowhAu9PQ2czABdD1wndI=
4,15,9hLk09RMRpa7hT8+7gZODG0T11w=,D7EkAxRmQU8p0+j70zvsRpka86E=
3,14,9hLk09RMRpa7hT8+7gZODG0T11w=,e5A8CLmi2OKu/NsaZc3+il+4WRI=
3,15,9hLk09RMRpa7hT8+7gZODG0T11w=,e5A8CLmi2OKu/NsaZc3+il+4WRI=
3,13,9hLk09RMRpa7hT8+7gZODG0T11w=,e5A8CLmi2OKu/NsaZc3+il+4WRI=
2,15,9hLk09RMRpa7hT8+7gZODG0T11w=,e5A8CLmi2OKu/NsaZc3+il+4WRI=
4,14,9hLk09RMRpa7hT8+7gZODG0T11w=,D7EkAxRmQU8p0+j70zvsRpka86E=
4,13,9hLk09RMRpa7hT8+7gZODG0T11w=,D7EkAxRmQU8p0+j70zvsRpka86E=
12,1,9hLk09RMRpa7hT8+7gZODG0T11w=,FpggQWUFNIM+oJuHGn+9OPPhO3w=
1,15,9hLk09RMRpa7hT8+7gZODG0T11w=,e5A8CLmi2OKu/NsaZc3+il+4WRI=
2,14,9hLk09RMRpa7hT8+7gZODG0T11w=,e5A8CLmi2OKu/NsaZc3+il+4WRI=
0,14,9hLk09RMRpa7hT8+7gZODG0T11w=,e5A8CLmi2OKu/NsaZc3+il+4WRI=
2,13,9hLk09RMRpa7hT8+7gZODG0T11w=,e5A8CLmi2OKu/NsaZc3+il+4WRI=
15,3,9hLk09RMRpa7hT8+7gZODG0T11w=,FpggQWUFNIM+oJuHGn+9OPPhO3w=
15,0,9hLk09RMRpa7hT8+7gZODG0T11w=,FpggQWUFNIM+oJuHGn+9OPPhO3w=
11,4,9hLk09RMRpa7hT8+7gZODG0T11w=,ySjyZbTwTUzPIhW7B460fhFmqqc=
0,15,9hLk09RMRpa7hT8+7gZODG0T11w=,e5A8CLmi2OKu/NsaZc3+il+4WRI=
1,14,9hLk09RMRpa7hT8+7gZODG0T11w=,e5A8CLmi2OKu/NsaZc3+il+4WRI=
0,13,9hLk09RMRpa7hT8+7gZODG0T11w=,e5A8CLmi2OKu/NsaZc3+il+4WRI=
3,12,9hLk09RMRpa7hT8+7gZODG0T11w=,e5A8CLmi2OKu/NsaZc3+il+4WRI=
15,4,9hLk09RMRpa7hT8+7gZODG0T11w=,S1Splknp2Ff77yBgvCE7XrxhoYM=
1,13,9hLk09RMRpa7hT8+7gZODG0T11w=,e5A8CLmi2OKu/NsaZc3+il+4WRI=
14,2,9hLk09RMRpa7hT8+7gZODG0T11w=,FpggQWUFNIM+oJuHGn+9OPPhO3w=
11,2,9hLk09RMRpa7hT8+7gZODG0T11w=,pej+sz1hSv8uwRsLHMuEKUiHxQk=
13,4,9hLk09RMRpa7hT8+7gZODG0T11w=,S1Splknp2Ff77yBgvCE7XrxhoYM=
15,2,9hLk09RMRpa7hT8+7gZODG0T11w=,FpggQWUFNIM+oJuHGn+9OPPhO3w=
14,4,9hLk09RMRpa7hT8+7gZODG0T11w=,S1Splknp2Ff77yBgvCE7XrxhoYM=
0,11,9hLk09RMRpa7hT8+7gZODG0T11w=,W/J5zvpowhAu9PQ2czABdD1wndI=
13,2,9hLk09RMRpa7hT8+7gZODG0T11w=,FpggQWUFNIM+oJuHGn+9OPPhO3w=
13,1,9hLk09RMRpa7hT8+7gZODG0T11w=,FpggQWUFNIM+oJuHGn+9OPPhO3w=
0,8,9hLk09RMRpa7hT8+7gZODG0T11w=,W/J5zvpowhAu9PQ2czABdD1wndI=
3,9,9hLk09RMRpa7hT8+7gZODG0T11w=,W/J5zvpowhAu9PQ2czABdD1wndI=
3,8,9hLk09RMRpa7hT8+7gZODG0T11w=,W/J5zvpowhAu9PQ2czABdD1wndI=
2,9,9hLk09RMRpa7hT8+7gZODG0T11w=,W/J5zvpowhAu9PQ2czABdD1wndI=
3,11,9hLk09RMRpa7hT8+7gZODG0T11w=,W/J5zvpowhAu9PQ2czABdD1wndI=
11,3,9hLk09RMRpa7hT8+7gZODG0T11w=,pej+sz1hSv8uwRsLHMuEKUiHxQk=
4,7,9hLk09RMRpa7hT8+7gZODG0T11w=,N6Ga0sGYnB3I7ixLPrmC87ilX04=
2,10,9hLk09RMRpa7hT8+7gZODG0T11w=,W/J5zvpowhAu9PQ2czABdD1wndI=
3,10,9hLk09RMRpa7hT8+7gZODG0T11w=,W/J5zvpowhAu9PQ2czABdD1wndI=
2,8,9hLk09RMRpa7hT8+7gZODG0T11w=,W/J5zvpowhAu9PQ2czABdD1wndI=
2,11,9hLk09RMRpa7hT8+7gZODG0T11w=,W/J5zvpowhAu9PQ2czABdD1wndI=
0,7,9hLk09RMRpa7hT8+7gZODG0T11w=,t+ncGAABxwJme5xuhaTBRXATtb4=
4,12,9hLk09RMRpa7hT8+7gZODG0T11w=,D7EkAxRmQU8p0+j70zvsRpka86E=
2,12,9hLk09RMRpa7hT8+7gZODG0T11w=,e5A8CLmi2OKu/NsaZc3+il+4WRI=
0,9,9hLk09RMRpa7hT8+7gZODG0T11w=,W/J5zvpowhAu9PQ2czABdD1wndI=
2,7,9hLk09RMRpa7hT8+7gZODG0T11w=,t+ncGAABxwJme5xuhaTBRXATtb4=
1,11,9hLk09RMRpa7hT8+7gZODG0T11w=,W/J5zvpowhAu9PQ2czABdD1wndI=
12,3,9hLk09RMRpa7hT8+7gZODG0T11w=,FpggQWUFNIM+oJuHGn+9OPPhO3w=
15,1,9hLk09RMRpa7hT8+7gZODG0T11w=,FpggQWUFNIM+oJuHGn+9OPPhO3w=
4,11,9hLk09RMRpa7hT8+7gZODG0T11w=,e5A8CLmi2OKu/NsaZc3+il+4WRI=
1,12,9hLk09RMRpa7hT8+7gZODG0T11w=,e5A8CLmi2OKu/NsaZc3+il+4WRI=
1,7,9hLk09RMRpa7hT8+7gZODG0T11w=,t+ncGAABxwJme5xuhaTBRXATtb4=
4,10,9hLk09RMRpa7hT8+7gZODG0T11w=,e5A8CLmi2OKu/NsaZc3+il+4WRI=
1,10,9hLk09RMRpa7hT8+7gZODG0T11w=,W/J5zvpowhAu9PQ2czABdD1wndI=
4,8,9hLk09RMRpa7hT8+7gZODG0T11w=,e5A8CLmi2OKu/NsaZc3+il+4WRI=
4,9,9hLk09RMRpa7hT8+7gZODG0T11w=,e5A8CLmi2OKu/NsaZc3+il+4WRI=
1,9,9hLk09RMRpa7hT8+7gZODG0T11w=,W/J5zvpowhAu9PQ2czABdD1wndI=
14,0,9hLk09RMRpa7hT8+7gZODG0T11w=,FpggQWUFNIM+oJuHGn+9OPPhO3w=
11,1,9hLk09RMRpa7hT8+7gZODG0T11w=,pej+sz1hSv8uwRsLHMuEKUiHxQk=
0,12,9hLk09RMRpa7hT8+7gZODG0T11w=,e5A8CLmi2OKu/NsaZc3+il+4WRI=
3,7,9hLk09RMRpa7hT8+7gZODG0T11w=,t+ncGAABxwJme5xuhaTBRXATtb4=
11,0,9hLk09RMRpa7hT8+7gZODG0T11w=,pej+sz1hSv8uwRsLHMuEKUiHxQk=
14,3,9hLk09RMRpa7hT8+7gZODG0T11w=,FpggQWUFNIM+oJuHGn+9OPPhO3w=
13,3,9hLk09RMRpa7hT8+7gZODG0T11w=,FpggQWUFNIM+oJuHGn+9OPPhO3w=
13,0,9hLk09RMRpa7hT8+7gZODG0T11w=,FpggQWUFNIM+oJuHGn+9OPPhO3w=
1,8,9hLk09RMRpa7hT8+7gZODG0T11w=,W/J5zvpowhAu9PQ2czABdD1wndI=
14,1,9hLk09RMRpa7hT8+7gZODG0T11w=,FpggQWUFNIM+oJuHGn+9OPPhO3w=
12,0,9hLk09RMRpa7hT8+7gZODG0T11w=,FpggQWUFNIM+oJuHGn+9OPPhO3w=
12,2,9hLk09RMRpa7hT8+7gZODG0T11w=,FpggQWUFNIM+oJuHGn+9OPPhO3w=
0,10,9hLk09RMRpa7hT8+7gZODG0T11w=,W/J5zvpowhAu9PQ2czABdD1wndI=
12,4,9hLk09RMRpa7hT8+7gZODG0T11w=,S1Splknp2Ff77yBgvCE7XrxhoYM=
2,21,9hLk09RMRpa7hT8+7gZODG0T11w=,gpEbYm/3qxD5WeKZVfk1U0rJ+s8=
0,21,9hLk09RMRpa7hT8+7gZODG0T11w=,gpEbYm/3qxD5WeKZVfk1U0rJ+s8=
3,22,9hLk09RMRpa7hT8+7gZODG0T11w=,gpEbYm/3qxD5WeKZVfk1U0rJ+s8=
0,23,9hLk09RMRpa7hT8+7gZODG0T11w=,gpEbYm/3qxD5WeKZVfk1U0rJ+s8=
1,21,9hLk09RMRpa7hT8+7gZODG0T11w=,gpEbYm/3qxD5WeKZVfk1U0rJ+s8=
2,22,9hLk09RMRpa7hT8+7gZODG0T11w=,gpEbYm/3qxD5WeKZVfk1U0rJ+s8=
0,22,9hLk09RMRpa7hT8+7gZODG0T11w=,gpEbYm/3qxD5WeKZVfk1U0rJ+s8=
2,23,9hLk09RMRpa7hT8+7gZODG0T11w=,gpEbYm/3qxD5WeKZVfk1U0rJ+s8=
1,22,9hLk09RMRpa7hT8+7gZODG0T11w=,gpEbYm/3qxD5WeKZVfk1U0rJ+s8=
1,23,9hLk09RMRpa7hT8+7gZODG0T11w=,gpEbYm/3qxD5WeKZVfk1U0rJ+s8=
2,18,9hLk09RMRpa7hT8+7gZODG0T11w=,ySjyZbTwTUzPIhW7B460fhFmqqc=
3,21,9hLk09RMRpa7hT8+7gZODG0T11w=,gpEbYm/3qxD5WeKZVfk1U0rJ+s8=
3,19,9hLk09RMRpa7hT8+7gZODG0T11w=,ySjyZbTwTUzPIhW7B460fhFmqqc=
3,23,9hLk09RMRpa7hT8+7gZODG0T11w=,gpEbYm/3qxD5WeKZVfk1U0rJ+s8=
0,20,9hLk09RMRpa7hT8+7gZODG0T11w=,gpEbYm/3qxD5WeKZVfk1U0rJ+s8=
2,19,9hLk09RMRpa7hT8+7gZODG0T11w=,ySjyZbTwTUzPIhW7B460fhFmqqc=
0,18,9hLk09RMRpa7hT8+7gZODG0T11w=,ySjyZbTwTUzPIhW7B460fhFmqqc=
1,19,9hLk09RMRpa7hT8+7gZODG0T11w=,ySjyZbTwTUzPIhW7B460fhFmqqc=
2,17,9hLk09RMRpa7hT8+7gZODG0T11w=,ySjyZbTwTUzPIhW7B460fhFmqqc=
1,18,9hLk09RMRpa7hT8+7gZODG0T11w=,ySjyZbTwTUzPIhW7B460fhFmqqc=
1,16,9hLk09RMRpa7hT8+7gZODG0T11w=,ySjyZbTwTUzPIhW7B460fhFmqqc=
1,17,9hLk09RMRpa7hT8+7gZODG0T11w=,ySjyZbTwTUzPIhW7B460fhFmqqc=
0,19,9hLk09RMRpa7hT8+7gZODG0T11w=,ySjyZbTwTUzPIhW7B460fhFmqqc=
3,17,9hLk09RMRpa7hT8+7gZODG0T11w=,ySjyZbTwTUzPIhW7B460fhFmqqc=
0,17,9hLk09RMRpa7hT8+7gZODG0T11w=,ySjyZbTwTUzPIhW7B460fhFmqqc=
2,20,9hLk09RMRpa7hT8+7gZODG0T11w=,gpEbYm/3qxD5WeKZVfk1U0rJ+s8=
3,20,9hLk09RMRpa7hT8+7gZODG0T11w=,gpEbYm/3qxD5WeKZVfk1U0rJ+s8=
2,16,9hLk09RMRpa7hT8+7gZODG0T11w=,ySjyZbTwTUzPIhW7B460fhFmqqc=
3,16,9hLk09RMRpa7hT8+7gZODG0T11w=,ySjyZbTwTUzPIhW7B460fhFmqqc=
1,20,9hLk09RMRpa7hT8+7gZODG0T11w=,gpEbYm/3qxD5WeKZVfk1U0rJ+s8=
3,18,9hLk09RMRpa7hT8+7gZODG0T11w=,ySjyZbTwTUzPIhW7B460fhFmqqc=
0,16,9hLk09RMRpa7hT8+7gZODG0T11w=,ySjyZbTwTUzPIhW7B460fhFmqqc=
29,9,ioCJ1nC8WR47KCCtTiqXY4//uMc=,W/J5zvpowhAu9PQ2czABdD1wndI=
30,9,ioCJ1nC8WR47KCCtTiqXY4//uMc=,W/J5zvpowhAu9PQ2czABdD1wndI=
29,10,ioCJ1nC8WR47KCCtTiqXY4//uMc=,W/J5zvpowhAu9PQ2czABdD1wndI=
30,10,ioCJ1nC8WR47KCCtTiqXY4//uMc=,W/J5zvpowhAu9PQ2czABdD1wndI=
18,9,ioCJ1nC8WR47KCCtTiqXY4//uMc=,t+ncGAABxwJme5xuhaTBRXATtb4=
17,9,ioCJ1nC8WR47KCCtTiqXY4//uMc=,t+ncGAABxwJme5xuhaTBRXATtb4=
17,10,ioCJ1nC8WR47KCCtTiqXY4//uMc=,t+ncGAABxwJme5xuhaTBRXATtb4=
18,10,ioCJ1nC8WR47KCCtTiqXY4//uMc=,t+ncGAABxwJme5xuhaTBRXATtb4=
25,9,ioCJ1nC8WR47KCCtTiqXY4//uMc=,EBYWt0/QdJ0ZPyUxZkXLF7jQYMk=
28,10,ioCJ1nC8WR47KCCtTiqXY4//uMc=,W/J5zvpowhAu9PQ2czABdD1wndI=
26,9,ioCJ1nC8WR47KCCtTiqXY4//uMc=,EBYWt0/QdJ0ZPyUxZkXLF7jQYMk=
27,9,ioCJ1nC8WR47KCCtTiqXY4//uMc=,EBYWt0/QdJ0ZPyUxZkXLF7jQYMk=
28,9,ioCJ1nC8WR47KCCtTiqXY4//uMc=,W/J5zvpowhAu9PQ2czABdD1wndI=
25,10,ioCJ1nC8WR47KCCtTiqXY4//uMc=,EBYWt0/QdJ0ZPyUxZkXLF7jQYMk=
26,10,ioCJ1nC8WR47KCCtTiqXY4//uMc=,EBYWt0/QdJ0ZPyUxZkXLF7jQYMk=
27,10,ioCJ1nC8WR47KCCtTiqXY4//uMc=,EBYWt0/QdJ0ZPyUxZkXLF7jQYMk=
24,9,ioCJ1nC8WR47KCCtTiqXY4//uMc=,EBYWt0/QdJ0ZPyUxZkXLF7jQYMk=
20,9,ioCJ1nC8WR47KCCtTiqXY4//uMc=,7s+8thaokinIfFj42EdsN6KUuwI=
21,9,ioCJ1nC8WR47KCCtTiqXY4//uMc=,7s+8thaokinIfFj42EdsN6KUuwI=
19,9,ioCJ1nC8WR47KCCtTiqXY4//uMc=,t+ncGAABxwJme5xuhaTBRXATtb4=
24,10,ioCJ1nC8WR47KCCtTiqXY4//uMc=,EBYWt0/QdJ0ZPyUxZkXLF7jQYMk=
22,9,ioCJ1nC8WR47KCCtTiqXY4//uMc=,7s+8thaokinIfFj42EdsN6KUuwI=
23,9,ioCJ1nC8WR47KCCtTiqXY4//uMc=,7s+8thaokinIfFj42EdsN6KUuwI=
20,10,ioCJ1nC8WR47KCCtTiqXY4//uMc=,7s+8thaokinIfFj42EdsN6KUuwI=
21,10,ioCJ1nC8WR47KCCtTiqXY4//uMc=,7s+8thaokinIfFj42EdsN6KUuwI=
22,10,ioCJ1nC8WR47KCCtTiqXY4//uMc=,7s+8thaokinIfFj42EdsN6KUuwI=
23,10,ioCJ1nC8WR47KCCtTiqXY4//uMc=,7s+8thaokinIfFj42EdsN6KUuwI=
25,7,ioCJ1nC8WR47KCCtTiqXY4//uMc=,EBYWt0/QdJ0ZPyUxZkXLF7jQYMk=
26,7,ioCJ1nC8WR47KCCtTiqXY4//uMc=,EBYWt0/QdJ0ZPyUxZkXLF7jQYMk=
26,6,ioCJ1nC8WR47KCCtTiqXY4//uMc=,EBYWt0/QdJ0ZPyUxZkXLF7jQYMk=
25,5,ioCJ1nC8WR47KCCtTiqXY4//uMc=,EBYWt0/QdJ0ZPyUxZkXLF7jQYMk=
25,6,ioCJ1nC8WR47KCCtTiqXY4//uMc=,EBYWt0/QdJ0ZPyUxZkXLF7jQYMk=
26,5,ioCJ1nC8WR47KCCtTiqXY4//uMc=,EBYWt0/QdJ0ZPyUxZkXLF7jQYMk=
19,10,ioCJ1nC8WR47KCCtTiqXY4//uMc=,t+ncGAABxwJme5xuhaTBRXATtb4=
25,8,ioCJ1nC8WR47KCCtTiqXY4//uMc=,EBYWt0/QdJ0ZPyUxZkXLF7jQYMk=
26,8,ioCJ1nC8WR47KCCtTiqXY4//uMc=,EBYWt0/QdJ0ZPyUxZkXLF7jQYMk=
24,7,ioCJ1nC8WR47KCCtTiqXY4//uMc=,EBYWt0/QdJ0ZPyUxZkXLF7jQYMk=
21,7,ioCJ1nC8WR47KCCtTiqXY4//uMc=,7sbauLkcwnpQXbbsWvuspRdeb2k=
22,7,ioCJ1nC8WR47KCCtTiqXY4//uMc=,7sbauLkcwnpQXbbsWvuspRdeb2k=
24,5,ioCJ1nC8WR47KCCtTiqXY4//uMc=,EBYWt0/QdJ0ZPyUxZkXLF7jQYMk=
23,7,ioCJ1nC8WR47KCCtTiqXY4//uMc=,7sbauLkcwnpQXbbsWvuspRdeb2k=
21,5,ioCJ1nC8WR47KCCtTiqXY4//uMc=,7sbauLkcwnpQXbbsWvuspRdeb2k=
23,6,ioCJ1nC8WR47KCCtTiqXY4//uMc=,7sbauLkcwnpQXbbsWvuspRdeb2k=
23,8,ioCJ1nC8WR47KCCtTiqXY4//uMc=,7s+8thaokinIfFj42EdsN6KUuwI=
21,8,ioCJ1nC8WR47KCCtTiqXY4//uMc=,7s+8thaokinIfFj42EdsN6KUuwI=
22,6,ioCJ1nC8WR47KCCtTiqXY4//uMc=,7sbauLkcwnpQXbbsWvuspRdeb2k=
22,5,ioCJ1nC8WR47KCCtTiqXY4//uMc=,7sbauLkcwnpQXbbsWvuspRdeb2k=
21,6,ioCJ1nC8WR47KCCtTiqXY4//uMc=,7sbauLkcwnpQXbbsWvuspRdeb2k=
24,6,ioCJ1nC8WR47KCCtTiqXY4//uMc=,EBYWt0/QdJ0ZPyUxZkXLF7jQYMk=
24,8,ioCJ1nC8WR47KCCtTiqXY4//uMc=,EBYWt0/QdJ0ZPyUxZkXLF7jQYMk=
22,8,ioCJ1nC8WR47KCCtTiqXY4//uMc=,7s+8thaokinIfFj42EdsN6KUuwI=
23,5,ioCJ1nC8WR47KCCtTiqXY4//uMc=,7sbauLkcwnpQXbbsWvuspRdeb2k=
26,4,ioCJ1nC8WR47KCCtTiqXY4//uMc=,EBYWt0/QdJ0ZPyUxZkXLF7jQYMk=
25,1,ioCJ1nC8WR47KCCtTiqXY4//uMc=,N6Ga0sGYnB3I7ixLPrmC87ilX04=
26,3,ioCJ1nC8WR47KCCtTiqXY4//uMc=,N6Ga0sGYnB3I7ixLPrmC87ilX04=
25,3,ioCJ1nC8WR47KCCtTiqXY4//uMc=,N6Ga0sGYnB3I7ixLPrmC87ilX04=
25,4,ioCJ1nC8WR47KCCtTiqXY4//uMc=,EBYWt0/QdJ0ZPyUxZkXLF7jQYMk=
26,2,ioCJ1nC8WR47KCCtTiqXY4//uMc=,N6Ga0sGYnB3I7ixLPrmC87ilX04=
25,2,ioCJ1nC8WR47KCCtTiqXY4//uMc=,N6Ga0sGYnB3I7ixLPrmC87ilX04=
26,1,ioCJ1nC8WR47KCCtTiqXY4//uMc=,N6Ga0sGYnB3I7ixLPrmC87ilX04=
18,8,ioCJ1nC8WR47KCCtTiqXY4//uMc=,t+ncGAABxwJme5xuhaTBRXATtb4=
19,7,ioCJ1nC8WR47KCCtTiqXY4//uMc=,t+ncGAABxwJme5xuhaTBRXATtb4=
18,7,ioCJ1nC8WR47KCCtTiqXY4//uMc=,t+ncGAABxwJme5xuhaTBRXATtb4=
19,6,ioCJ1nC8WR47KCCtTiqXY4//uMc=,t+ncGAABxwJme5xuhaTBRXATtb4=
17,7,ioCJ1nC8WR47KCCtTiqXY4//uMc=,t+ncGAABxwJme5xuhaTBRXATtb4=
21,3,ioCJ1nC8WR47KCCtTiqXY4//uMc=,FpggQWUFNIM+oJuHGn+9OPPhO3w=
22,3,ioCJ1nC8WR47KCCtTiqXY4//uMc=,FpggQWUFNIM+oJuHGn+9OPPhO3w=
18,6,ioCJ1nC8WR47KCCtTiqXY4//uMc=,t+ncGAABxwJme5xuhaTBRXATtb4=
24,1,ioCJ1nC8WR47KCCtTiqXY4//uMc=,N6Ga0sGYnB3I7ixLPrmC87ilX04=
23,3,ioCJ1nC8WR47KCCtTiqXY4//uMc=,FpggQWUFNIM+oJuHGn+9OPPhO3w=
21,4,ioCJ1nC8WR47KCCtTiqXY4//uMc=,7sbauLkcwnpQXbbsWvuspRdeb2k=
22,4,ioCJ1nC8WR47KCCtTiqXY4//uMc=,7sbauLkcwnpQXbbsWvuspRdeb2k=
23,4,ioCJ1nC8WR47KCCtTiqXY4//uMc=,7sbauLkcwnpQXbbsWvuspRdeb2k=
24,2,ioCJ1nC8WR47KCCtTiqXY4//uMc=,N6Ga0sGYnB3I7ixLPrmC87ilX04=
20,8,ioCJ1nC8WR47KCCtTiqXY4//uMc=,7s+8thaokinIfFj42EdsN6KUuwI=
24,3,ioCJ1nC8WR47KCCtTiqXY4//uMc=,N6Ga0sGYnB3I7ixLPrmC87ilX04=
24,4,ioCJ1nC8WR47KCCtTiqXY4//uMc=,EBYWt0/QdJ0ZPyUxZkXLF7jQYMk=
21,1,ioCJ1nC8WR47KCCtTiqXY4//uMc=,FpggQWUFNIM+oJuHGn+9OPPhO3w=
19,8,ioCJ1nC8WR47KCCtTiqXY4//uMc=,t+ncGAABxwJme5xuhaTBRXATtb4=
20,7,ioCJ1nC8WR47KCCtTiqXY4//uMc=,7sbauLkcwnpQXbbsWvuspRdeb2k=
19,5,ioCJ1nC8WR47KCCtTiqXY4//uMc=,t+ncGAABxwJme5xuhaTBRXATtb4=
17,8,ioCJ1nC8WR47KCCtTiqXY4//uMc=,t+ncGAABxwJme5xuhaTBRXATtb4=
17,6,ioCJ1nC8WR47KCCtTiqXY4//uMc=,t+ncGAABxwJme5xuhaTBRXATtb4=
22,1,ioCJ1nC8WR47KCCtTiqXY4//uMc=,FpggQWUFNIM+oJuHGn+9OPPhO3w=
20,6,ioCJ1nC8WR47KCCtTiqXY4//uMc=,7sbauLkcwnpQXbbsWvuspRdeb2k=
18,5,ioCJ1nC8WR47KCCtTiqXY4//uMc=,t+ncGAABxwJme5xuhaTBRXATtb4=
17,5,ioCJ1nC8WR47KCCtTiqXY4//uMc=,t+ncGAABxwJme5xuhaTBRXATtb4=
18,4,ioCJ1nC8WR47KCCtTiqXY4//uMc=,t+ncGAABxwJme5xuhaTBRXATtb4=
20,5,ioCJ1nC8WR47KCCtTiqXY4//uMc=,7sbauLkcwnpQXbbsWvuspRdeb2k=
23,2,ioCJ1nC8WR47KCCtTiqXY4//uMc=,FpggQWUFNIM+oJuHGn+9OPPhO3w=
23,1,ioCJ1nC8WR47KCCtTiqXY4//uMc=,FpggQWUFNIM+oJuHGn+9OPPhO3w=
21,2,ioCJ1nC8WR47KCCtTiqXY4//uMc=,FpggQWUFNIM+oJuHGn+9OPPhO3w=
20,3,ioCJ1nC8WR47KCCtTiqXY4//uMc=,FpggQWUFNIM+oJuHGn+9OPPhO3w=
22,2,ioCJ1nC8WR47KCCtTiqXY4//uMc=,FpggQWUFNIM+oJuHGn+9OPPhO3w=
18,3,ioCJ1nC8WR47KCCtTiqXY4//uMc=,S1Splknp2Ff77yBgvCE7XrxhoYM=
20,4,ioCJ1nC8WR47KCCtTiqXY4//uMc=,7sbauLkcwnpQXbbsWvuspRdeb2k=
19,3,ioCJ1nC8WR47KCCtTiqXY4//uMc=,S1Splknp2Ff77yBgvCE7XrxhoYM=
17,2,ioCJ1nC8WR47KCCtTiqXY4//uMc=,S1Splknp2Ff77yBgvCE7XrxhoYM=
17,3,ioCJ1nC8WR47KCCtTiqXY4//uMc=,S1Splknp2Ff77yBgvCE7XrxhoYM=
31,9,ioCJ1nC8WR47KCCtTiqXY4//uMc=,W/J5zvpowhAu9PQ2czABdD1wndI=
31,10,ioCJ1nC8WR47KCCtTiqXY4//uMc=,W/J5zvpowhAu9PQ2czABdD1wndI=
18,1,ioCJ1nC8WR47KCCtTiqXY4//uMc=,S1Splknp2Ff77yBgvCE7XrxhoYM=
18,2,ioCJ1nC8WR47KCCtTiqXY4//uMc=,S1Splknp2Ff77yBgvCE7XrxhoYM=
25,0,ioCJ1nC8WR47KCCtTiqXY4//uMc=,N6Ga0sGYnB3I7ixLPrmC87ilX04=
19,4,ioCJ1nC8WR47KCCtTiqXY4//uMc=,t+ncGAABxwJme5xuhaTBRXATtb4=
26,0,ioCJ1nC8WR47KCCtTiqXY4//uMc=,N6Ga0sGYnB3I7ixLPrmC87ilX04=
17,1,ioCJ1nC8WR47KCCtTiqXY4//uMc=,S1Splknp2Ff77yBgvCE7XrxhoYM=
17,4,ioCJ1nC8WR47KCCtTiqXY4//uMc=,t+ncGAABxwJme5xuhaTBRXATtb4=
19,1,ioCJ1nC8WR47KCCtTiqXY4//uMc=,S1Splknp2Ff77yBgvCE7XrxhoYM=
20,2,ioCJ1nC8WR47KCCtTiqXY4//uMc=,FpggQWUFNIM+oJuHGn+9OPPhO3w=
19,2,ioCJ1nC8WR47KCCtTiqXY4//uMc=,S1Splknp2Ff77yBgvCE7XrxhoYM=
24,0,ioCJ1nC8WR47KCCtTiqXY4//uMc=,N6Ga0sGYnB3I7ixLPrmC87ilX04=
20,1,ioCJ1nC8WR47KCCtTiqXY4//uMc=,FpggQWUFNIM+oJuHGn+9OPPhO3w=
21,0,ioCJ1nC8WR47KCCtTiqXY4//uMc=,FpggQWUFNIM+oJuHGn+9OPPhO3w=
22,0,ioCJ1nC8WR47KCCtTiqXY4//uMc=,FpggQWUFNIM+oJuHGn+9OPPhO3w=
27,1,ioCJ1nC8WR47KCCtTiqXY4//uMc=,N6Ga0sGYnB3I7ixLPrmC87ilX04=
23,0,ioCJ1nC8WR47KCCtTiqXY4//uMc=,FpggQWUFNIM+oJuHGn+9OPPhO3w=
18,0,ioCJ1nC8WR47KCCtTiqXY4//uMc=,S1Splknp2Ff77yBgvCE7XrxhoYM=
17,0,ioCJ1nC8WR47KCCtTiqXY4//uMc=,S1Splknp2Ff77yBgvCE7XrxhoYM=
20,0,ioCJ1nC8WR47KCCtTiqXY4//uMc=,FpggQWUFNIM+oJuHGn+9OPPhO3w=
19,0,ioCJ1nC8WR47KCCtTiqXY4//uMc=,S1Splknp2Ff77yBgvCE7XrxhoYM=
30,2,ioCJ1nC8WR47KCCtTiqXY4//uMc=,7s+8thaokinIfFj42EdsN6KUuwI=
31,0,ioCJ1nC8WR47KCCtTiqXY4//uMc=,7s+8thaokinIfFj42EdsN6KUuwI=
31,2,ioCJ1nC8WR47KCCtTiqXY4//uMc=,7s+8thaokinIfFj42EdsN6KUuwI=
27,2,ioCJ1nC8WR47KCCtTiqXY4//uMc=,N6Ga0sGYnB3I7ixLPrmC87ilX04=
29,2,ioCJ1nC8WR47KCCtTiqXY4//uMc=,7s+8thaokinIfFj42EdsN6KUuwI=
25,13,ioCJ1nC8WR47KCCtTiqXY4//uMc=,7s+8thaokinIfFj42EdsN6KUuwI=
26,13,ioCJ1nC8WR47KCCtTiqXY4//uMc=,7s+8thaokinIfFj42EdsN6KUuwI=
25,11,ioCJ1nC8WR47KCCtTiqXY4//uMc=,EBYWt0/QdJ0ZPyUxZkXLF7jQYMk=
27,0,ioCJ1nC8WR47KCCtTiqXY4//uMc=,N6Ga0sGYnB3I7ixLPrmC87ilX04=
25,12,ioCJ1nC8WR47KCCtTiqXY4//uMc=,7s+8thaokinIfFj42EdsN6KUuwI=
25,14,ioCJ1nC8WR47KCCtTiqXY4//uMc=,7s+8thaokinIfFj42EdsN6KUuwI=
26,12,ioCJ1nC8WR47KCCtTiqXY4//uMc=,7s+8thaokinIfFj42EdsN6KUuwI=
26,11,ioCJ1nC8WR47KCCtTiqXY4//uMc=,EBYWt0/QdJ0ZPyUxZkXLF7jQYMk=
26,14,ioCJ1nC8WR47KCCtTiqXY4//uMc=,7s+8thaokinIfFj42EdsN6KUuwI=
28,0,ioCJ1nC8WR47KCCtTiqXY4//uMc=,7s+8thaokinIfFj42EdsN6KUuwI=
18,14,ioCJ1nC8WR47KCCtTiqXY4//uMc=,W/J5zvpowhAu9PQ2czABdD1wndI=
18,12,ioCJ1nC8WR47KCCtTiqXY4//uMc=,W/J5zvpowhAu9PQ2czABdD1wndI=
18,11,ioCJ1nC8WR47KCCtTiqXY4//uMc=,t+ncGAABxwJme5xuhaTBRXATtb4=
17,13,ioCJ1nC8WR47KCCtTiqXY4//uMc=,W/J5zvpowhAu9PQ2czABdD1wndI=
17,11,ioCJ1nC8WR47KCCtTiqXY4//uMc=,t+ncGAABxwJme5xuhaTBRXATtb4=
17,14,ioCJ1nC8WR47KCCtTiqXY4//uMc=,W/J5zvpowhAu9PQ2czABdD1wndI=
25,15,ioCJ1nC8WR47KCCtTiqXY4//uMc=,7s+8thaokinIfFj42EdsN6KUuwI=
26,15,ioCJ1nC8WR47KCCtTiqXY4//uMc=,7s+8thaokinIfFj42EdsN6KUuwI=
18,13,ioCJ1nC8WR47KCCtTiqXY4//uMc=,W/J5zvpowhAu9PQ2czABdD1wndI=
17,12,ioCJ1nC8WR47KCCtTiqXY4//uMc=,W/J5zvpowhAu9PQ2czABdD1wndI=
28,11,ioCJ1nC8WR47KCCtTiqXY4//uMc=,W/J5zvpowhAu9PQ2czABdD1wndI=
17,15,ioCJ1nC8WR47KCCtTiqXY4//uMc=,W/J5zvpowhAu9PQ2czABdD1wndI=
18,15,ioCJ1nC8WR47KCCtTiqXY4//uMc=,W/J5zvpowhAu9PQ2czABdD1wndI=
29,11,ioCJ1nC8WR47KCCtTiqXY4//uMc=,W/J5zvpowhAu9PQ2czABdD1wndI=
30,11,ioCJ1nC8WR47KCCtTiqXY4//uMc=,W/J5zvpowhAu9PQ2czABdD1wndI=
27,13,ioCJ1nC8WR47KCCtTiqXY4//uMc=,7s+8thaokinIfFj42EdsN6KUuwI=
27,11,ioCJ1nC8WR47KCCtTiqXY4//uMc=,EBYWt0/QdJ0ZPyUxZkXLF7jQYMk=
27,12,ioCJ1nC8WR47KCCtTiqXY4//uMc=,7s+8thaokinIfFj42EdsN6KUuwI=
27,14,ioCJ1nC8WR47KCCtTiqXY4//uMc=,7s+8thaokinIfFj42EdsN6KUuwI=
31,11,ioCJ1nC8WR47KCCtTiqXY4//uMc=,W/J5zvpowhAu9PQ2czABdD1wndI=
29,0,ioCJ1nC8WR47KCCtTiqXY4//uMc=,7s+8thaokinIfFj42EdsN6KUuwI=
16,9,ioCJ1nC8WR47KCCtTiqXY4//uMc=,t+ncGAABxwJme5xuhaTBRXATtb4=
16,10,ioCJ1nC8WR47KCCtTiqXY4//uMc=,t+ncGAABxwJme5xuhaTBRXATtb4=
16,13,ioCJ1nC8WR47KCCtTiqXY4//uMc=,W/J5zvpowhAu9PQ2czABdD1wndI=
16,14,ioCJ1nC8WR47KCCtTiqXY4//uMc=,W/J5zvpowhAu9PQ2czABdD1wndI=
16,11,ioCJ1nC8WR47KCCtTiqXY4//uMc=,t+ncGAABxwJme5xuhaTBRXATtb4=
16,12,ioCJ1nC8WR47KCCtTiqXY4//uMc=,W/J5zvpowhAu9PQ2czABdD1wndI=
16,7,ioCJ1nC8WR47KCCtTiqXY4//uMc=,t+ncGAABxwJme5xuhaTBRXATtb4=
30,0,ioCJ1nC8WR47KCCtTiqXY4//uMc=,7s+8thaokinIfFj42EdsN6KUuwI=
28,2,ioCJ1nC8WR47KCCtTiqXY4//uMc=,7s+8thaokinIfFj42EdsN6KUuwI=
31,1,ioCJ1nC8WR47KCCtTiqXY4//uMc=,7s+8thaokinIfFj42EdsN6KUuwI=
30,1,ioCJ1nC8WR47KCCtTiqXY4//uMc=,7s+8thaokinIfFj42EdsN6KUuwI=
28,1,ioCJ1nC8WR47KCCtTiqXY4//uMc=,7s+8thaokinIfFj42EdsN6KUuwI=
16,5,ioCJ1nC8WR47KCCtTiqXY4//uMc=,t+ncGAABxwJme5xuhaTBRXATtb4=
16,6,ioCJ1nC8WR47KCCtTiqXY4//uMc=,t+ncGAABxwJme5xuhaTBRXATtb4=
16,8,ioCJ1nC8WR47KCCtTiqXY4//uMc=,t+ncGAABxwJme5xuhaTBRXATtb4=
29,1,ioCJ1nC8WR47KCCtTiqXY4//uMc=,7s+8thaokinIfFj42EdsN6KUuwI=
27,15,ioCJ1nC8WR47KCCtTiqXY4//uMc=,7s+8thaokinIfFj42EdsN6KUuwI=
16,15,ioCJ1nC8WR47KCCtTiqXY4//uMc=,W/J5zvpowhAu9PQ2czABdD1wndI=
16,2,ioCJ1nC8WR47KCCtTiqXY4//uMc=,S1Splknp2Ff77yBgvCE7XrxhoYM=
16,0,ioCJ1nC8WR47KCCtTiqXY4//uMc=,S1Splknp2Ff77yBgvCE7XrxhoYM=
19,15,ioCJ1nC8WR47KCCtTiqXY4//uMc=,W/J5zvpowhAu9PQ2czABdD1wndI=
24,13,ioCJ1nC8WR47KCCtTiqXY4//uMc=,7s+8thaokinIfFj42EdsN6KUuwI=
20,15,ioCJ1nC8WR47KCCtTiqXY4//uMc=,D7EkAxRmQU8p0+j70zvsRpka86E=
24,15,ioCJ1nC8WR47KCCtTiqXY4//uMc=,7s+8thaokinIfFj42EdsN6KUuwI=
21,15,ioCJ1nC8WR47KCCtTiqXY4//uMc=,D7EkAxRmQU8p0+j70zvsRpka86E=
19,14,ioCJ1nC8WR47KCCtTiqXY4//uMc=,W/J5zvpowhAu9PQ2czABdD1wndI=
20,12,ioCJ1nC8WR47KCCtTiqXY4//uMc=,D7EkAxRmQU8p0+j70zvsRpka86E=
21,12,ioCJ1nC8WR47KCCtTiqXY4//uMc=,D7EkAxRmQU8p0+j70zvsRpka86E=
19,12,ioCJ1nC8WR47KCCtTiqXY4//uMc=,W/J5zvpowhAu9PQ2czABdD1wndI=
23,14,ioCJ1nC8WR47KCCtTiqXY4//uMc=,D7EkAxRmQU8p0+j70zvsRpka86E=
22,14,ioCJ1nC8WR47KCCtTiqXY4//uMc=,D7EkAxRmQU8p0+j70zvsRpka86E=
21,14,ioCJ1nC8WR47KCCtTiqXY4//uMc=,D7EkAxRmQU8p0+j70zvsRpka86E=
20,14,ioCJ1nC8WR47KCCtTiqXY4//uMc=,D7EkAxRmQU8p0+j70zvsRpka86E=
23,13,ioCJ1nC8WR47KCCtTiqXY4//uMc=,D7EkAxRmQU8p0+j70zvsRpka86E=
22,13,ioCJ1nC8WR47KCCtTiqXY4//uMc=,D7EkAxRmQU8p0+j70zvsRpka86E=
24,11,ioCJ1nC8WR47KCCtTiqXY4//uMc=,EBYWt0/QdJ0ZPyUxZkXLF7jQYMk=
22,12,ioCJ1nC8WR47KCCtTiqXY4//uMc=,D7EkAxRmQU8p0+j70zvsRpka86E=
20,11,ioCJ1nC8WR47KCCtTiqXY4//uMc=,7s+8thaokinIfFj42EdsN6KUuwI=
19,13,ioCJ1nC8WR47KCCtTiqXY4//uMc=,W/J5zvpowhAu9PQ2czABdD1wndI=
24,14,ioCJ1nC8WR47KCCtTiqXY4//uMc=,7s+8thaokinIfFj42EdsN6KUuwI=
16,3,ioCJ1nC8WR47KCCtTiqXY4//uMc=,S1Splknp2Ff77yBgvCE7XrxhoYM=
21,13,ioCJ1nC8WR47KCCtTiqXY4//uMc=,D7EkAxRmQU8p0+j70zvsRpka86E=
16,1,ioCJ1nC8WR47KCCtTiqXY4//uMc=,S1Splknp2Ff77yBgvCE7XrxhoYM=
21,11,ioCJ1nC8WR47KCCtTiqXY4//uMc=,7s+8thaokinIfFj42EdsN6KUuwI=
16,4,ioCJ1nC8WR47KCCtTiqXY4//uMc=,t+ncGAABxwJme5xuhaTBRXATtb4=
22,11,ioCJ1nC8WR47KCCtTiqXY4//uMc=,7s+8thaokinIfFj42EdsN6KUuwI=
23,15,ioCJ1nC8WR47KCCtTiqXY4//uMc=,D7EkAxRmQU8p0+j70zvsRpka86E=
24,12,ioCJ1nC8WR47KCCtTiqXY4//uMc=,7s+8thaokinIfFj42EdsN6KUuwI=
20,13,ioCJ1nC8WR47KCCtTiqXY4//uMc=,D7EkAxRmQU8p0+j70zvsRpka86E=
22,15,ioCJ1nC8WR47KCCtTiqXY4//uMc=,D7EkAxRmQU8p0+j70zvsRpka86E=
23,12,ioCJ1nC8WR47KCCtTiqXY4//uMc=,D7EkAxRmQU8p0+j70zvsRpka86E=
19,11,ioCJ1nC8WR47KCCtTiqXY4//uMc=,t+ncGAABxwJme5xuhaTBRXATtb4=
23,11,ioCJ1nC8WR47KCCtTiqXY4//uMc=,7s+8thaokinIfFj42EdsN6KUuwI=
31,6,ioCJ1nC8WR47KCCtTiqXY4//uMc=,D7EkAxRmQU8p0+j70zvsRpka86E=
31,8,ioCJ1nC8WR47KCCtTiqXY4//uMc=,W/J5zvpowhAu9PQ2czABdD1wndI=
30,6,ioCJ1nC8WR47KCCtTiqXY4//uMc=,D7EkAxRmQU8p0+j70zvsRpka86E=
31,7,ioCJ1nC8WR47KCCtTiqXY4//uMc=,D7EkAxRmQU8p0+j70zvsRpka86E=
30,8,ioCJ1nC8WR47KCCtTiqXY4//uMc=,W/J5zvpowhAu9PQ2czABdD1wndI=
31,5,ioCJ1nC8WR47KCCtTiqXY4//uMc=,D7EkAxRmQU8p0+j70zvsRpka86E=
27,6,ioCJ1nC8WR47KCCtTiqXY4//uMc=,EBYWt0/QdJ0ZPyUxZkXLF7jQYMk=
29,6,ioCJ1nC8WR47KCCtTiqXY4//uMc=,D7EkAxRmQU8p0+j70zvsRpka86E=
30,7,ioCJ1nC8WR47KCCtTiqXY4//uMc=,D7EkAxRmQU8p0+j70zvsRpka86E=
28,6,ioCJ1nC8WR47KCCtTiqXY4//uMc=,D7EkAxRmQU8p0+j70zvsRpka86E=
30,5,ioCJ1nC8WR47KCCtTiqXY4//uMc=,D7EkAxRmQU8p0+j70zvsRpka86E=
27,4,ioCJ1nC8WR47KCCtTiqXY4//uMc=,EBYWt0/QdJ0ZPyUxZkXLF7jQYMk=
30,4,ioCJ1nC8WR47KCCtTiqXY4//uMc=,D7EkAxRmQU8p0+j70zvsRpka86E=
28,7,ioCJ1nC8WR47KCCtTiqXY4//uMc=,D7EkAxRmQU8p0+j70zvsRpka86E=
31,4,ioCJ1nC8WR47KCCtTiqXY4//uMc=,D7EkAxRmQU8p0+j70zvsRpka86E=
29,5,ioCJ1nC8WR47KCCtTiqXY4//uMc=,D7EkAxRmQU8p0+j70zvsRpka86E=
29,8,ioCJ1nC8WR47KCCtTiqXY4//uMc=,W/J5zvpowhAu9PQ2czABdD1wndI=
29,4,ioCJ1nC8WR47KCCtTiqXY4//uMc=,D7EkAxRmQU8p0+j70zvsRpka86E=
27,3,ioCJ1nC8WR47KCCtTiqXY4//uMc=,N6Ga0sGYnB3I7ixLPrmC87ilX04=
27,8,ioCJ1nC8WR47KCCtTiqXY4//uMc=,EBYWt0/QdJ0ZPyUxZkXLF7jQYMk=
27,5,ioCJ1nC8WR47KCCtTiqXY4//uMc=,EBYWt0/QdJ0ZPyUxZkXLF7jQYMk=
28,4,ioCJ1nC8WR47KCCtTiqXY4//uMc=,D7EkAxRmQU8p0+j70zvsRpka86E=
28,8,ioCJ1nC8WR47KCCtTiqXY4//uMc=,W/J5zvpowhAu9PQ2czABdD1wndI=
29,7,ioCJ1nC8WR47KCCtTiqXY4//uMc=,D7EkAxRmQU8p0+j70zvsRpka86E=
31,3,ioCJ1nC8WR47KCCtTiqXY4//uMc=,7s+8thaokinIfFj42EdsN6KUuwI=
30,3,ioCJ1nC8WR47KCCtTiqXY4//uMc=,7s+8thaokinIfFj42EdsN6KUuwI=
29,3,ioCJ1nC8WR47KCCtTiqXY4//uMc=,7s+8thaokinIfFj42EdsN6KUuwI=
28,5,ioCJ1nC8WR47KCCtTiqXY4//uMc=,D7EkAxRmQU8p0+j70zvsRpka86E=
27,7,ioCJ1nC8WR47KCCtTiqXY4//uMc=,EBYWt0/QdJ0ZPyUxZkXLF7jQYMk=
28,3,ioCJ1nC8WR47KCCtTiqXY4//uMc=,7s+8thaokinIfFj42EdsN6KUuwI=
