-45,-48,B58xCdNZ7WGB3Rt7ayhoxTxTgzs=,nR6HCs71Ho8KYRtGQqEqC1Hju1M=
-40,-46,B58xCdNZ7WGB3Rt7ayhoxTxTgzs=,nR6HCs71Ho8KYRtGQqEqC1Hju1M=
-41,-46,B58xCdNZ7WGB3Rt7ayhoxTxTgzs=,nR6HCs71Ho8KYRtGQqEqC1Hju1M=
-43,-46,B58xCdNZ7WGB3Rt7ayhoxTxTgzs=,nR6HCs71Ho8KYRtGQqEqC1Hju1M=
-44,-46,B58xCdNZ7WGB3Rt7ayhoxTxTgzs=,nR6HCs71Ho8KYRtGQqEqC1Hju1M=
-45,-46,B58xCdNZ7WGB3Rt7ayhoxTxTgzs=,nR6HCs71Ho8KYRtGQqEqC1Hju1M=
-42,-46,B58xCdNZ7WGB3Rt7ayhoxTxTgzs=,nR6HCs71Ho8KYRtGQqEqC1Hju1M=
-46,-46,B58xCdNZ7WGB3Rt7ayhoxTxTgzs=,nR6HCs71Ho8KYRtGQqEqC1Hju1M=
-47,-46,B58xCdNZ7WGB3Rt7ayhoxTxTgzs=,nR6HCs71Ho8KYRtGQqEqC1Hju1M=
-48,-46,B58xCdNZ7WGB3Rt7ayhoxTxTgzs=,nR6HCs71Ho8KYRtGQqEqC1Hju1M=
-37,-33,B58xCdNZ7WGB3Rt7ayhoxTxTgzs=,nR6HCs71Ho8KYRtGQqEqC1Hju1M=
-39,-33,B58xCdNZ7WGB3Rt7ayhoxTxTgzs=,nR6HCs71Ho8KYRtGQqEqC1Hju1M=
-40,-33,B58xCdNZ7WGB3Rt7ayhoxTxTgzs=,nR6HCs71Ho8KYRtGQqEqC1Hju1M=
-41,-33,B58xCdNZ7WGB3Rt7ayhoxTxTgzs=,nR6HCs71Ho8KYRtGQqEqC1Hju1M=
-38,-33,B58xCdNZ7WGB3Rt7ayhoxTxTgzs=,nR6HCs71Ho8KYRtGQqEqC1Hju1M=
-42,-33,B58xCdNZ7WGB3Rt7ayhoxTxTgzs=,nR6HCs71Ho8KYRtGQqEqC1Hju1M=
-43,-33,B58xCdNZ7WGB3Rt7ayhoxTxTgzs=,nR6HCs71Ho8KYRtGQqEqC1Hju1M=
-39,-46,B58xCdNZ7WGB3Rt7ayhoxTxTgzs=,nR6HCs71Ho8KYRtGQqEqC1Hju1M=
-46,-48,B58xCdNZ7WGB3Rt7ayhoxTxTgzs=,nR6HCs71Ho8KYRtGQqEqC1Hju1M=
-33,-47,B58xCdNZ7WGB3Rt7ayhoxTxTgzs=,nR6HCs71Ho8KYRtGQqEqC1Hju1M=
-38,-46,B58xCdNZ7WGB3Rt7ayhoxTxTgzs=,nR6HCs71Ho8KYRtGQqEqC1Hju1M=
-44,-33,B58xCdNZ7WGB3Rt7ayhoxTxTgzs=,nR6HCs71Ho8KYRtGQqEqC1Hju1M=
-38,-45,B58xCdNZ7WGB3Rt7ayhoxTxTgzs=,nR6HCs71Ho8KYRtGQqEqC1Hju1M=
-37,-46,B58xCdNZ7WGB3Rt7ayhoxTxTgzs=,nR6HCs71Ho8KYRtGQqEqC1Hju1M=
-36,-45,B58xCdNZ7WGB3Rt7ayhoxTxTgzs=,nR6HCs71Ho8KYRtGQqEqC1Hju1M=
-35,-33,B58xCdNZ7WGB3Rt7ayhoxTxTgzs=,nR6HCs71Ho8KYRtGQqEqC1Hju1M=
-37,-45,B58xCdNZ7WGB3Rt7ayhoxTxTgzs=,nR6HCs71Ho8KYRtGQqEqC1Hju1M=
-36,-46,B58xCdNZ7WGB3Rt7ayhoxTxTgzs=,nR6HCs71Ho8KYRtGQqEqC1Hju1M=
-33,-33,B58xCdNZ7WGB3Rt7ayhoxTxTgzs=,nR6HCs71Ho8KYRtGQqEqC1Hju1M=
-36,-33,B58xCdNZ7WGB3Rt7ayhoxTxTgzs=,nR6HCs71Ho8KYRtGQqEqC1Hju1M=
-38,-34,B58xCdNZ7WGB3Rt7ayhoxTxTgzs=,nR6HCs71Ho8KYRtGQqEqC1Hju1M=
-39,-34,B58xCdNZ7WGB3Rt7ayhoxTxTgzs=,nR6HCs71Ho8KYRtGQqEqC1Hju1M=
-40,-34,B58xCdNZ7WGB3Rt7ayhoxTxTgzs=,nR6HCs71Ho8KYRtGQqEqC1Hju1M=
-41,-34,B58xCdNZ7WGB3Rt7ayhoxTxTgzs=,nR6HCs71Ho8KYRtGQqEqC1Hju1M=
-42,-34,B58xCdNZ7WGB3Rt7ayhoxTxTgzs=,nR6HCs71Ho8KYRtGQqEqC1Hju1M=
-43,-34,B58xCdNZ7WGB3Rt7ayhoxTxTgzs=,nR6HCs71Ho8KYRtGQqEqC1Hju1M=
-44,-34,B58xCdNZ7WGB3Rt7ayhoxTxTgzs=,nR6HCs71Ho8KYRtGQqEqC1Hju1M=
-34,-33,B58xCdNZ7WGB3Rt7ayhoxTxTgzs=,nR6HCs71Ho8KYRtGQqEqC1Hju1M=
-35,-46,B58xCdNZ7WGB3Rt7ayhoxTxTgzs=,nR6HCs71Ho8KYRtGQqEqC1Hju1M=
-47,-47,B58xCdNZ7WGB3Rt7ayhoxTxTgzs=,nR6HCs71Ho8KYRtGQqEqC1Hju1M=
-45,-33,B58xCdNZ7WGB3Rt7ayhoxTxTgzs=,nR6HCs71Ho8KYRtGQqEqC1Hju1M=
-48,-47,B58xCdNZ7WGB3Rt7ayhoxTxTgzs=,nR6HCs71Ho8KYRtGQqEqC1Hju1M=
-47,-33,B58xCdNZ7WGB3Rt7ayhoxTxTgzs=,nR6HCs71Ho8KYRtGQqEqC1Hju1M=
-47,-48,B58xCdNZ7WGB3Rt7ayhoxTxTgzs=,nR6HCs71Ho8KYRtGQqEqC1Hju1M=
-39,-45,B58xCdNZ7WGB3Rt7ayhoxTxTgzs=,nR6HCs71Ho8KYRtGQqEqC1Hju1M=
-37,-34,B58xCdNZ7WGB3Rt7ayhoxTxTgzs=,nR6HCs71Ho8KYRtGQqEqC1Hju1M=
-36,-34,B58xCdNZ7WGB3Rt7ayhoxTxTgzs=,nR6HCs71Ho8KYRtGQqEqC1Hju1M=
-45,-34,B58xCdNZ7WGB3Rt7ayhoxTxTgzs=,nR6HCs71Ho8KYRtGQqEqC1Hju1M=
-34,-47,B58xCdNZ7WGB3Rt7ayhoxTxTgzs=,nR6HCs71Ho8KYRtGQqEqC1Hju1M=
-38,-35,B58xCdNZ7WGB3Rt7ayhoxTxTgzs=,nR6HCs71Ho8KYRtGQqEqC1Hju1M=
-39,-35,B58xCdNZ7WGB3Rt7ayhoxTxTgzs=,nR6HCs71Ho8KYRtGQqEqC1Hju1M=
-40,-35,B58xCdNZ7WGB3Rt7ayhoxTxTgzs=,nR6HCs71Ho8KYRtGQqEqC1Hju1M=
-48,-33,B58xCdNZ7WGB3Rt7ayhoxTxTgzs=,nR6HCs71Ho8KYRtGQqEqC1Hju1M=
-41,-35,B58xCdNZ7WGB3Rt7ayhoxTxTgzs=,nR6HCs71Ho8KYRtGQqEqC1Hju1M=
-43,-35,B58xCdNZ7WGB3Rt7ayhoxTxTgzs=,nR6HCs71Ho8KYRtGQqEqC1Hju1M=
-44,-35,B58xCdNZ7WGB3Rt7ayhoxTxTgzs=,nR6HCs71Ho8KYRtGQqEqC1Hju1M=
-35,-34,B58xCdNZ7WGB3Rt7ayhoxTxTgzs=,nR6HCs71Ho8KYRtGQqEqC1Hju1M=
-34,-46,B58xCdNZ7WGB3Rt7ayhoxTxTgzs=,nR6HCs71Ho8KYRtGQqEqC1Hju1M=
-44,-48,B58xCdNZ7WGB3Rt7ayhoxTxTgzs=,nR6HCs71Ho8KYRtGQqEqC1Hju1M=
-34,-34,B58xCdNZ7WGB3Rt7ayhoxTxTgzs=,nR6HCs71Ho8KYRtGQqEqC1Hju1M=
-40,-45,B58xCdNZ7WGB3Rt7ayhoxTxTgzs=,nR6HCs71Ho8KYRtGQqEqC1Hju1M=
-45,-35,B58xCdNZ7WGB3Rt7ayhoxTxTgzs=,nR6HCs71Ho8KYRtGQqEqC1Hju1M=
-36,-35,B58xCdNZ7WGB3Rt7ayhoxTxTgzs=,nR6HCs71Ho8KYRtGQqEqC1Hju1M=
-37,-35,B58xCdNZ7WGB3Rt7ayhoxTxTgzs=,nR6HCs71Ho8KYRtGQqEqC1Hju1M=
-33,-35,B58xCdNZ7WGB3Rt7ayhoxTxTgzs=,nR6HCs71Ho8KYRtGQqEqC1Hju1M=
-35,-35,B58xCdNZ7WGB3Rt7ayhoxTxTgzs=,nR6HCs71Ho8KYRtGQqEqC1Hju1M=
-46,-33,B58xCdNZ7WGB3Rt7ayhoxTxTgzs=,nR6HCs71Ho8KYRtGQqEqC1Hju1M=
-42,-35,B58xCdNZ7WGB3Rt7ayhoxTxTgzs=,nR6HCs71Ho8KYRtGQqEqC1Hju1M=
-34,-35,B58xCdNZ7WGB3Rt7ayhoxTxTgzs=,nR6HCs71Ho8KYRtGQqEqC1Hju1M=
-33,-48,B58xCdNZ7WGB3Rt7ayhoxTxTgzs=,nR6HCs71Ho8KYRtGQqEqC1Hju1M=
-39,-36,B58xCdNZ7WGB3Rt7ayhoxTxTgzs=,nR6HCs71Ho8KYRtGQqEqC1Hju1M=
-48,-34,B58xCdNZ7WGB3Rt7ayhoxTxTgzs=,nR6HCs71Ho8KYRtGQqEqC1Hju1M=
-40,-36,B58xCdNZ7WGB3Rt7ayhoxTxTgzs=,nR6HCs71Ho8KYRtGQqEqC1Hju1M=
-41,-36,B58xCdNZ7WGB3Rt7ayhoxTxTgzs=,nR6HCs71Ho8KYRtGQqEqC1Hju1M=
-47,-34,B58xCdNZ7WGB3Rt7ayhoxTxTgzs=,nR6HCs71Ho8KYRtGQqEqC1Hju1M=
-43,-36,B58xCdNZ7WGB3Rt7ayhoxTxTgzs=,nR6HCs71Ho8KYRtGQqEqC1Hju1M=
-44,-36,B58xCdNZ7WGB3Rt7ayhoxTxTgzs=,nR6HCs71Ho8KYRtGQqEqC1Hju1M=
-42,-36,B58xCdNZ7WGB3Rt7ayhoxTxTgzs=,nR6HCs71Ho8KYRtGQqEqC1Hju1M=
-41,-45,B58xCdNZ7WGB3Rt7ayhoxTxTgzs=,nR6HCs71Ho8KYRtGQqEqC1Hju1M=
-45,-36,B58xCdNZ7WGB3Rt7ayhoxTxTgzs=,nR6HCs71Ho8KYRtGQqEqC1Hju1M=
-36,-36,B58xCdNZ7WGB3Rt7ayhoxTxTgzs=,nR6HCs71Ho8KYRtGQqEqC1Hju1M=
-46,-35,B58xCdNZ7WGB3Rt7ayhoxTxTgzs=,nR6HCs71Ho8KYRtGQqEqC1Hju1M=
-35,-36,B58xCdNZ7WGB3Rt7ayhoxTxTgzs=,nR6HCs71Ho8KYRtGQqEqC1Hju1M=
-46,-34,B58xCdNZ7WGB3Rt7ayhoxTxTgzs=,nR6HCs71Ho8KYRtGQqEqC1Hju1M=
-35,-47,B58xCdNZ7WGB3Rt7ayhoxTxTgzs=,nR6HCs71Ho8KYRtGQqEqC1Hju1M=
-33,-34,B58xCdNZ7WGB3Rt7ayhoxTxTgzs=,nR6HCs71Ho8KYRtGQqEqC1Hju1M=
-34,-36,B58xCdNZ7WGB3Rt7ayhoxTxTgzs=,nR6HCs71Ho8KYRtGQqEqC1Hju1M=
-46,-36,B58xCdNZ7WGB3Rt7ayhoxTxTgzs=,nR6HCs71Ho8KYRtGQqEqC1Hju1M=
-37,-36,B58xCdNZ7WGB3Rt7ayhoxTxTgzs=,nR6HCs71Ho8KYRtGQqEqC1Hju1M=
-35,-45,B58xCdNZ7WGB3Rt7ayhoxTxTgzs=,nR6HCs71Ho8KYRtGQqEqC1Hju1M=
-38,-36,B58xCdNZ7WGB3Rt7ayhoxTxTgzs=,nR6HCs71Ho8KYRtGQqEqC1Hju1M=
-36,-47,B58xCdNZ7WGB3Rt7ayhoxTxTgzs=,nR6HCs71Ho8KYRtGQqEqC1Hju1M=
-39,-37,B58xCdNZ7WGB3Rt7ayhoxTxTgzs=,nR6HCs71Ho8KYRtGQqEqC1Hju1M=
-48,-35,B58xCdNZ7WGB3Rt7ayhoxTxTgzs=,nR6HCs71Ho8KYRtGQqEqC1Hju1M=
-40,-37,B58xCdNZ7WGB3Rt7ayhoxTxTgzs=,nR6HCs71Ho8KYRtGQqEqC1Hju1M=
-42,-37,B58xCdNZ7WGB3Rt7ayhoxTxTgzs=,nR6HCs71Ho8KYRtGQqEqC1Hju1M=
-41,-37,B58xCdNZ7WGB3Rt7ayhoxTxTgzs=,nR6HCs71Ho8KYRtGQqEqC1Hju1M=
-43,-37,B58xCdNZ7WGB3Rt7ayhoxTxTgzs=,nR6HCs71Ho8KYRtGQqEqC1Hju1M=
-42,-45,B58xCdNZ7WGB3Rt7ayhoxTxTgzs=,nR6HCs71Ho8KYRtGQqEqC1Hju1M=
-44,-37,B58xCdNZ7WGB3Rt7ayhoxTxTgzs=,nR6HCs71Ho8KYRtGQqEqC1Hju1M=
-45,-37,B58xCdNZ7WGB3Rt7ayhoxTxTgzs=,nR6HCs71Ho8KYRtGQqEqC1Hju1M=
-46,-37,B58xCdNZ7WGB3Rt7ayhoxTxTgzs=,nR6HCs71Ho8KYRtGQqEqC1Hju1M=
-33,-36,B58xCdNZ7WGB3Rt7ayhoxTxTgzs=,nR6HCs71Ho8KYRtGQqEqC1Hju1M=
-47,-37,B58xCdNZ7WGB3Rt7ayhoxTxTgzs=,nR6HCs71Ho8KYRtGQqEqC1Hju1M=
-34,-48,B58xCdNZ7WGB3Rt7ayhoxTxTgzs=,nR6HCs71Ho8KYRtGQqEqC1Hju1M=
-38,-37,B58xCdNZ7WGB3Rt7ayhoxTxTgzs=,nR6HCs71Ho8KYRtGQqEqC1Hju1M=
-47,-35,B58xCdNZ7WGB3Rt7ayhoxTxTgzs=,nR6HCs71Ho8KYRtGQqEqC1Hju1M=
-37,-37,B58xCdNZ7WGB3Rt7ayhoxTxTgzs=,nR6HCs71Ho8KYRtGQqEqC1Hju1M=
-37,-47,B58xCdNZ7WGB3Rt7ayhoxTxTgzs=,nR6HCs71Ho8KYRtGQqEqC1Hju1M=
-48,-36,B58xCdNZ7WGB3Rt7ayhoxTxTgzs=,nR6HCs71Ho8KYRtGQqEqC1Hju1M=
-34,-37,B58xCdNZ7WGB3Rt7ayhoxTxTgzs=,nR6HCs71Ho8KYRtGQqEqC1Hju1M=
-43,-48,B58xCdNZ7WGB3Rt7ayhoxTxTgzs=,nR6HCs71Ho8KYRtGQqEqC1Hju1M=
-35,-37,B58xCdNZ7WGB3Rt7ayhoxTxTgzs=,nR6HCs71Ho8KYRtGQqEqC1Hju1M=
-34,-45,B58xCdNZ7WGB3Rt7ayhoxTxTgzs=,nR6HCs71Ho8KYRtGQqEqC1Hju1M=
-40,-38,B58xCdNZ7WGB3Rt7ayhoxTxTgzs=,nR6HCs71Ho8KYRtGQqEqC1Hju1M=
-41,-38,B58xCdNZ7WGB3Rt7ayhoxTxTgzs=,nR6HCs71Ho8KYRtGQqEqC1Hju1M=
-42,-38,B58xCdNZ7WGB3Rt7ayhoxTxTgzs=,nR6HCs71Ho8KYRtGQqEqC1Hju1M=
-43,-45,B58xCdNZ7WGB3Rt7ayhoxTxTgzs=,nR6HCs71Ho8KYRtGQqEqC1Hju1M=
-48,-37,B58xCdNZ7WGB3Rt7ayhoxTxTgzs=,nR6HCs71Ho8KYRtGQqEqC1Hju1M=
-43,-38,B58xCdNZ7WGB3Rt7ayhoxTxTgzs=,nR6HCs71Ho8KYRtGQqEqC1Hju1M=
-44,-38,B58xCdNZ7WGB3Rt7ayhoxTxTgzs=,nR6HCs71Ho8KYRtGQqEqC1Hju1M=
-45,-38,B58xCdNZ7WGB3Rt7ayhoxTxTgzs=,nR6HCs71Ho8KYRtGQqEqC1Hju1M=
-46,-38,B58xCdNZ7WGB3Rt7ayhoxTxTgzs=,nR6HCs71Ho8KYRtGQqEqC1Hju1M=
-47,-38,B58xCdNZ7WGB3Rt7ayhoxTxTgzs=,nR6HCs71Ho8KYRtGQqEqC1Hju1M=
-38,-47,B58xCdNZ7WGB3Rt7ayhoxTxTgzs=,nR6HCs71Ho8KYRtGQqEqC1Hju1M=
-35,-48,B58xCdNZ7WGB3Rt7ayhoxTxTgzs=,nR6HCs71Ho8KYRtGQqEqC1Hju1M=
-33,-37,B58xCdNZ7WGB3Rt7ayhoxTxTgzs=,nR6HCs71Ho8KYRtGQqEqC1Hju1M=
-34,-38,B58xCdNZ7WGB3Rt7ayhoxTxTgzs=,nR6HCs71Ho8KYRtGQqEqC1Hju1M=
-36,-38,B58xCdNZ7WGB3Rt7ayhoxTxTgzs=,nR6HCs71Ho8KYRtGQqEqC1Hju1M=
-33,-38,B58xCdNZ7WGB3Rt7ayhoxTxTgzs=,nR6HCs71Ho8KYRtGQqEqC1Hju1M=
-33,-45,B58xCdNZ7WGB3Rt7ayhoxTxTgzs=,nR6HCs71Ho8KYRtGQqEqC1Hju1M=
-46,-47,B58xCdNZ7WGB3Rt7ayhoxTxTgzs=,nR6HCs71Ho8KYRtGQqEqC1Hju1M=
-48,-44,B58xCdNZ7WGB3Rt7ayhoxTxTgzs=,nR6HCs71Ho8KYRtGQqEqC1Hju1M=
-47,-44,B58xCdNZ7WGB3Rt7ayhoxTxTgzs=,nR6HCs71Ho8KYRtGQqEqC1Hju1M=
-46,-44,B58xCdNZ7WGB3Rt7ayhoxTxTgzs=,nR6HCs71Ho8KYRtGQqEqC1Hju1M=
-45,-44,B58xCdNZ7WGB3Rt7ayhoxTxTgzs=,nR6HCs71Ho8KYRtGQqEqC1Hju1M=
-44,-44,B58xCdNZ7WGB3Rt7ayhoxTxTgzs=,nR6HCs71Ho8KYRtGQqEqC1Hju1M=
-48,-48,B58xCdNZ7WGB3Rt7ayhoxTxTgzs=,nR6HCs71Ho8KYRtGQqEqC1Hju1M=
-43,-44,B58xCdNZ7WGB3Rt7ayhoxTxTgzs=,nR6HCs71Ho8KYRtGQqEqC1Hju1M=
-42,-44,B58xCdNZ7WGB3Rt7ayhoxTxTgzs=,nR6HCs71Ho8KYRtGQqEqC1Hju1M=
-40,-44,B58xCdNZ7WGB3Rt7ayhoxTxTgzs=,nR6HCs71Ho8KYRtGQqEqC1Hju1M=
-41,-44,B58xCdNZ7WGB3Rt7ayhoxTxTgzs=,nR6HCs71Ho8KYRtGQqEqC1Hju1M=
-38,-38,B58xCdNZ7WGB3Rt7ayhoxTxTgzs=,nR6HCs71Ho8KYRtGQqEqC1Hju1M=
-39,-38,B58xCdNZ7WGB3Rt7ayhoxTxTgzs=,nR6HCs71Ho8KYRtGQqEqC1Hju1M=
-35,-38,B58xCdNZ7WGB3Rt7ayhoxTxTgzs=,nR6HCs71Ho8KYRtGQqEqC1Hju1M=
-40,-39,B58xCdNZ7WGB3Rt7ayhoxTxTgzs=,nR6HCs71Ho8KYRtGQqEqC1Hju1M=
-41,-39,B58xCdNZ7WGB3Rt7ayhoxTxTgzs=,nR6HCs71Ho8KYRtGQqEqC1Hju1M=
-39,-44,B58xCdNZ7WGB3Rt7ayhoxTxTgzs=,nR6HCs71Ho8KYRtGQqEqC1Hju1M=
-44,-45,B58xCdNZ7WGB3Rt7ayhoxTxTgzs=,nR6HCs71Ho8KYRtGQqEqC1Hju1M=
-39,-47,B58xCdNZ7WGB3Rt7ayhoxTxTgzs=,nR6HCs71Ho8KYRtGQqEqC1Hju1M=
-42,-39,B58xCdNZ7WGB3Rt7ayhoxTxTgzs=,nR6HCs71Ho8KYRtGQqEqC1Hju1M=
-43,-39,B58xCdNZ7WGB3Rt7ayhoxTxTgzs=,nR6HCs71Ho8KYRtGQqEqC1Hju1M=
-44,-39,B58xCdNZ7WGB3Rt7ayhoxTxTgzs=,nR6HCs71Ho8KYRtGQqEqC1Hju1M=
-45,-39,B58xCdNZ7WGB3Rt7ayhoxTxTgzs=,nR6HCs71Ho8KYRtGQqEqC1Hju1M=
-46,-39,B58xCdNZ7WGB3Rt7ayhoxTxTgzs=,nR6HCs71Ho8KYRtGQqEqC1Hju1M=
-47,-39,B58xCdNZ7WGB3Rt7ayhoxTxTgzs=,nR6HCs71Ho8KYRtGQqEqC1Hju1M=
-40,-47,B58xCdNZ7WGB3Rt7ayhoxTxTgzs=,nR6HCs71Ho8KYRtGQqEqC1Hju1M=
-48,-39,B58xCdNZ7WGB3Rt7ayhoxTxTgzs=,nR6HCs71Ho8KYRtGQqEqC1Hju1M=
-37,-38,B58xCdNZ7WGB3Rt7ayhoxTxTgzs=,nR6HCs71Ho8KYRtGQqEqC1Hju1M=
-36,-48,B58xCdNZ7WGB3Rt7ayhoxTxTgzs=,nR6HCs71Ho8KYRtGQqEqC1Hju1M=
-48,-38,B58xCdNZ7WGB3Rt7ayhoxTxTgzs=,nR6HCs71Ho8KYRtGQqEqC1Hju1M=
-34,-39,B58xCdNZ7WGB3Rt7ayhoxTxTgzs=,nR6HCs71Ho8KYRtGQqEqC1Hju1M=
-36,-39,B58xCdNZ7WGB3Rt7ayhoxTxTgzs=,nR6HCs71Ho8KYRtGQqEqC1Hju1M=
-33,-39,B58xCdNZ7WGB3Rt7ayhoxTxTgzs=,nR6HCs71Ho8KYRtGQqEqC1Hju1M=
-40,-40,B58xCdNZ7WGB3Rt7ayhoxTxTgzs=,nR6HCs71Ho8KYRtGQqEqC1Hju1M=
-35,-40,B58xCdNZ7WGB3Rt7ayhoxTxTgzs=,nR6HCs71Ho8KYRtGQqEqC1Hju1M=
-45,-45,B58xCdNZ7WGB3Rt7ayhoxTxTgzs=,nR6HCs71Ho8KYRtGQqEqC1Hju1M=
-41,-40,B58xCdNZ7WGB3Rt7ayhoxTxTgzs=,nR6HCs71Ho8KYRtGQqEqC1Hju1M=
-42,-40,B58xCdNZ7WGB3Rt7ayhoxTxTgzs=,nR6HCs71Ho8KYRtGQqEqC1Hju1M=
-43,-40,B58xCdNZ7WGB3Rt7ayhoxTxTgzs=,nR6HCs71Ho8KYRtGQqEqC1Hju1M=
-45,-40,B58xCdNZ7WGB3Rt7ayhoxTxTgzs=,nR6HCs71Ho8KYRtGQqEqC1Hju1M=
-46,-40,B58xCdNZ7WGB3Rt7ayhoxTxTgzs=,nR6HCs71Ho8KYRtGQqEqC1Hju1M=
-44,-40,B58xCdNZ7WGB3Rt7ayhoxTxTgzs=,nR6HCs71Ho8KYRtGQqEqC1Hju1M=
-47,-40,B58xCdNZ7WGB3Rt7ayhoxTxTgzs=,nR6HCs71Ho8KYRtGQqEqC1Hju1M=
-48,-40,B58xCdNZ7WGB3Rt7ayhoxTxTgzs=,nR6HCs71Ho8KYRtGQqEqC1Hju1M=
-41,-47,B58xCdNZ7WGB3Rt7ayhoxTxTgzs=,nR6HCs71Ho8KYRtGQqEqC1Hju1M=
-47,-36,B58xCdNZ7WGB3Rt7ayhoxTxTgzs=,nR6HCs71Ho8KYRtGQqEqC1Hju1M=
-36,-37,B58xCdNZ7WGB3Rt7ayhoxTxTgzs=,nR6HCs71Ho8KYRtGQqEqC1Hju1M=
-38,-44,B58xCdNZ7WGB3Rt7ayhoxTxTgzs=,nR6HCs71Ho8KYRtGQqEqC1Hju1M=
-33,-40,B58xCdNZ7WGB3Rt7ayhoxTxTgzs=,nR6HCs71Ho8KYRtGQqEqC1Hju1M=
-34,-40,B58xCdNZ7WGB3Rt7ayhoxTxTgzs=,nR6HCs71Ho8KYRtGQqEqC1Hju1M=
-37,-39,B58xCdNZ7WGB3Rt7ayhoxTxTgzs=,nR6HCs71Ho8KYRtGQqEqC1Hju1M=
-37,-48,B58xCdNZ7WGB3Rt7ayhoxTxTgzs=,nR6HCs71Ho8KYRtGQqEqC1Hju1M=
-36,-40,B58xCdNZ7WGB3Rt7ayhoxTxTgzs=,nR6HCs71Ho8KYRtGQqEqC1Hju1M=
-38,-48,B58xCdNZ7WGB3Rt7ayhoxTxTgzs=,nR6HCs71Ho8KYRtGQqEqC1Hju1M=
-39,-40,B58xCdNZ7WGB3Rt7ayhoxTxTgzs=,nR6HCs71Ho8KYRtGQqEqC1Hju1M=
-46,-45,B58xCdNZ7WGB3Rt7ayhoxTxTgzs=,nR6HCs71Ho8KYRtGQqEqC1Hju1M=
-40,-41,B58xCdNZ7WGB3Rt7ayhoxTxTgzs=,nR6HCs71Ho8KYRtGQqEqC1Hju1M=
-41,-41,B58xCdNZ7WGB3Rt7ayhoxTxTgzs=,nR6HCs71Ho8KYRtGQqEqC1Hju1M=
-43,-41,B58xCdNZ7WGB3Rt7ayhoxTxTgzs=,nR6HCs71Ho8KYRtGQqEqC1Hju1M=
-42,-41,B58xCdNZ7WGB3Rt7ayhoxTxTgzs=,nR6HCs71Ho8KYRtGQqEqC1Hju1M=
-45,-41,B58xCdNZ7WGB3Rt7ayhoxTxTgzs=,nR6HCs71Ho8KYRtGQqEqC1Hju1M=
-46,-41,B58xCdNZ7WGB3Rt7ayhoxTxTgzs=,nR6HCs71Ho8KYRtGQqEqC1Hju1M=
-47,-41,B58xCdNZ7WGB3Rt7ayhoxTxTgzs=,nR6HCs71Ho8KYRtGQqEqC1Hju1M=
-44,-41,B58xCdNZ7WGB3Rt7ayhoxTxTgzs=,nR6HCs71Ho8KYRtGQqEqC1Hju1M=
-42,-47,B58xCdNZ7WGB3Rt7ayhoxTxTgzs=,nR6HCs71Ho8KYRtGQqEqC1Hju1M=
-48,-41,B58xCdNZ7WGB3Rt7ayhoxTxTgzs=,nR6HCs71Ho8KYRtGQqEqC1Hju1M=
-37,-40,B58xCdNZ7WGB3Rt7ayhoxTxTgzs=,nR6HCs71Ho8KYRtGQqEqC1Hju1M=
-34,-41,B58xCdNZ7WGB3Rt7ayhoxTxTgzs=,nR6HCs71Ho8KYRtGQqEqC1Hju1M=
-33,-41,B58xCdNZ7WGB3Rt7ayhoxTxTgzs=,nR6HCs71Ho8KYRtGQqEqC1Hju1M=
-35,-41,B58xCdNZ7WGB3Rt7ayhoxTxTgzs=,nR6HCs71Ho8KYRtGQqEqC1Hju1M=
-36,-41,B58xCdNZ7WGB3Rt7ayhoxTxTgzs=,nR6HCs71Ho8KYRtGQqEqC1Hju1M=
-38,-41,B58xCdNZ7WGB3Rt7ayhoxTxTgzs=,nR6HCs71Ho8KYRtGQqEqC1Hju1M=
-40,-48,B58xCdNZ7WGB3Rt7ayhoxTxTgzs=,nR6HCs71Ho8KYRtGQqEqC1Hju1M=
-47,-45,B58xCdNZ7WGB3Rt7ayhoxTxTgzs=,nR6HCs71Ho8KYRtGQqEqC1Hju1M=
-39,-41,B58xCdNZ7WGB3Rt7ayhoxTxTgzs=,nR6HCs71Ho8KYRtGQqEqC1Hju1M=
-40,-42,B58xCdNZ7WGB3Rt7ayhoxTxTgzs=,nR6HCs71Ho8KYRtGQqEqC1Hju1M=
-41,-42,B58xCdNZ7WGB3Rt7ayhoxTxTgzs=,nR6HCs71Ho8KYRtGQqEqC1Hju1M=
-42,-42,B58xCdNZ7WGB3Rt7ayhoxTxTgzs=,nR6HCs71Ho8KYRtGQqEqC1Hju1M=
-43,-42,B58xCdNZ7WGB3Rt7ayhoxTxTgzs=,nR6HCs71Ho8KYRtGQqEqC1Hju1M=
-44,-42,B58xCdNZ7WGB3Rt7ayhoxTxTgzs=,nR6HCs71Ho8KYRtGQqEqC1Hju1M=
-45,-42,B58xCdNZ7WGB3Rt7ayhoxTxTgzs=,nR6HCs71Ho8KYRtGQqEqC1Hju1M=
-46,-42,B58xCdNZ7WGB3Rt7ayhoxTxTgzs=,nR6HCs71Ho8KYRtGQqEqC1Hju1M=
-47,-42,B58xCdNZ7WGB3Rt7ayhoxTxTgzs=,nR6HCs71Ho8KYRtGQqEqC1Hju1M=
-43,-47,B58xCdNZ7WGB3Rt7ayhoxTxTgzs=,nR6HCs71Ho8KYRtGQqEqC1Hju1M=
-48,-42,B58xCdNZ7WGB3Rt7ayhoxTxTgzs=,nR6HCs71Ho8KYRtGQqEqC1Hju1M=
-34,-42,B58xCdNZ7WGB3Rt7ayhoxTxTgzs=,nR6HCs71Ho8KYRtGQqEqC1Hju1M=
-37,-41,B58xCdNZ7WGB3Rt7ayhoxTxTgzs=,nR6HCs71Ho8KYRtGQqEqC1Hju1M=
-35,-39,B58xCdNZ7WGB3Rt7ayhoxTxTgzs=,nR6HCs71Ho8KYRtGQqEqC1Hju1M=
-35,-42,B58xCdNZ7WGB3Rt7ayhoxTxTgzs=,nR6HCs71Ho8KYRtGQqEqC1Hju1M=
-36,-42,B58xCdNZ7WGB3Rt7ayhoxTxTgzs=,nR6HCs71Ho8KYRtGQqEqC1Hju1M=
-41,-48,B58xCdNZ7WGB3Rt7ayhoxTxTgzs=,nR6HCs71Ho8KYRtGQqEqC1Hju1M=
-48,-45,B58xCdNZ7WGB3Rt7ayhoxTxTgzs=,nR6HCs71Ho8KYRtGQqEqC1Hju1M=
-44,-47,B58xCdNZ7WGB3Rt7ayhoxTxTgzs=,nR6HCs71Ho8KYRtGQqEqC1Hju1M=
-39,-39,B58xCdNZ7WGB3Rt7ayhoxTxTgzs=,nR6HCs71Ho8KYRtGQqEqC1Hju1M=
-40,-43,B58xCdNZ7WGB3Rt7ayhoxTxTgzs=,nR6HCs71Ho8KYRtGQqEqC1Hju1M=
-41,-43,B58xCdNZ7WGB3Rt7ayhoxTxTgzs=,nR6HCs71Ho8KYRtGQqEqC1Hju1M=
-42,-43,B58xCdNZ7WGB3Rt7ayhoxTxTgzs=,nR6HCs71Ho8KYRtGQqEqC1Hju1M=
-43,-43,B58xCdNZ7WGB3Rt7ayhoxTxTgzs=,nR6HCs71Ho8KYRtGQqEqC1Hju1M=
-44,-43,B58xCdNZ7WGB3Rt7ayhoxTxTgzs=,nR6HCs71Ho8KYRtGQqEqC1Hju1M=
-45,-43,B58xCdNZ7WGB3Rt7ayhoxTxTgzs=,nR6HCs71Ho8KYRtGQqEqC1Hju1M=
-46,-43,B58xCdNZ7WGB3Rt7ayhoxTxTgzs=,nR6HCs71Ho8KYRtGQqEqC1Hju1M=
-47,-43,B58xCdNZ7WGB3Rt7ayhoxTxTgzs=,nR6HCs71Ho8KYRtGQqEqC1Hju1M=
-48,-43,B58xCdNZ7WGB3Rt7ayhoxTxTgzs=,nR6HCs71Ho8KYRtGQqEqC1Hju1M=
-45,-47,B58xCdNZ7WGB3Rt7ayhoxTxTgzs=,nR6HCs71Ho8KYRtGQqEqC1Hju1M=
-39,-43,B58xCdNZ7WGB3Rt7ayhoxTxTgzs=,nR6HCs71Ho8KYRtGQqEqC1Hju1M=
-37,-44,B58xCdNZ7WGB3Rt7ayhoxTxTgzs=,nR6HCs71Ho8KYRtGQqEqC1Hju1M=
-39,-48,B58xCdNZ7WGB3Rt7ayhoxTxTgzs=,nR6HCs71Ho8KYRtGQqEqC1Hju1M=
-35,-43,B58xCdNZ7WGB3Rt7ayhoxTxTgzs=,nR6HCs71Ho8KYRtGQqEqC1Hju1M=
-34,-43,B58xCdNZ7WGB3Rt7ayhoxTxTgzs=,nR6HCs71Ho8KYRtGQqEqC1Hju1M=
-42,-48,B58xCdNZ7WGB3Rt7ayhoxTxTgzs=,nR6HCs71Ho8KYRtGQqEqC1Hju1M=
-36,-43,B58xCdNZ7WGB3Rt7ayhoxTxTgzs=,nR6HCs71Ho8KYRtGQqEqC1Hju1M=
-33,-43,B58xCdNZ7WGB3Rt7ayhoxTxTgzs=,nR6HCs71Ho8KYRtGQqEqC1Hju1M=
-39,-42,B58xCdNZ7WGB3Rt7ayhoxTxTgzs=,nR6HCs71Ho8KYRtGQqEqC1Hju1M=
-38,-40,B58xCdNZ7WGB3Rt7ayhoxTxTgzs=,nR6HCs71Ho8KYRtGQqEqC1Hju1M=
-33,-46,B58xCdNZ7WGB3Rt7ayhoxTxTgzs=,nR6HCs71Ho8KYRtGQqEqC1Hju1M=
-38,-43,B58xCdNZ7WGB3Rt7ayhoxTxTgzs=,nR6HCs71Ho8KYRtGQqEqC1Hju1M=
-37,-43,B58xCdNZ7WGB3Rt7ayhoxTxTgzs=,nR6HCs71Ho8KYRtGQqEqC1Hju1M=
-33,-44,B58xCdNZ7WGB3Rt7ayhoxTxTgzs=,nR6HCs71Ho8KYRtGQqEqC1Hju1M=
-35,-44,B58xCdNZ7WGB3Rt7ayhoxTxTgzs=,nR6HCs71Ho8KYRtGQqEqC1Hju1M=
-34,-44,B58xCdNZ7WGB3Rt7ayhoxTxTgzs=,nR6HCs71Ho8KYRtGQqEqC1Hju1M=
-38,-42,B58xCdNZ7WGB3Rt7ayhoxTxTgzs=,nR6HCs71Ho8KYRtGQqEqC1Hju1M=
-38,-39,B58xCdNZ7WGB3Rt7ayhoxTxTgzs=,nR6HCs71Ho8KYRtGQqEqC1Hju1M=
-33,-42,B58xCdNZ7WGB3Rt7ayhoxTxTgzs=,nR6HCs71Ho8KYRtGQqEqC1Hju1M=
-36,-44,B58xCdNZ7WGB3Rt7ayhoxTxTgzs=,nR6HCs71Ho8KYRtGQqEqC1Hju1M=
-37,-42,B58xCdNZ7WGB3Rt7ayhoxTxTgzs=,nR6HCs71Ho8KYRtGQqEqC1Hju1M=
-33,-63,B58xCdNZ7WGB3Rt7ayhoxTxTgzs=,sXk2hYvIp8cegv8IxeInaMITqhI=
-45,-64,B58xCdNZ7WGB3Rt7ayhoxTxTgzs=,sXk2hYvIp8cegv8IxeInaMITqhI=
-36,-61,B58xCdNZ7WGB3Rt7ayhoxTxTgzs=,sXk2hYvIp8cegv8IxeInaMITqhI=
-40,-62,B58xCdNZ7WGB3Rt7ayhoxTxTgzs=,sXk2hYvIp8cegv8IxeInaMITqhI=
-37,-62,B58xCdNZ7WGB3Rt7ayhoxTxTgzs=,sXk2hYvIp8cegv8IxeInaMITqhI=
-35,-62,B58xCdNZ7WGB3Rt7ayhoxTxTgzs=,sXk2hYvIp8cegv8IxeInaMITqhI=
-33,-49,B58xCdNZ7WGB3Rt7ayhoxTxTgzs=,sXk2hYvIp8cegv8IxeInaMITqhI=
-38,-62,B58xCdNZ7WGB3Rt7ayhoxTxTgzs=,sXk2hYvIp8cegv8IxeInaMITqhI=
-36,-62,B58xCdNZ7WGB3Rt7ayhoxTxTgzs=,sXk2hYvIp8cegv8IxeInaMITqhI=
-34,-62,o3cb4oTsETwnwZmFUYN3cggyGYo=,sXk2hYvIp8cegv8IxeInaMITqhI=
-47,-62,o3cb4oTsETwnwZmFUYN3cggyGYo=,sXk2hYvIp8cegv8IxeInaMITqhI=
-42,-62,o3cb4oTsETwnwZmFUYN3cggyGYo=,sXk2hYvIp8cegv8IxeInaMITqhI=
-46,-62,o3cb4oTsETwnwZmFUYN3cggyGYo=,sXk2hYvIp8cegv8IxeInaMITqhI=
-41,-62,o3cb4oTsETwnwZmFUYN3cggyGYo=,sXk2hYvIp8cegv8IxeInaMITqhI=
-40,-49,o3cb4oTsETwnwZmFUYN3cggyGYo=,sXk2hYvIp8cegv8IxeInaMITqhI=
-39,-62,o3cb4oTsETwnwZmFUYN3cggyGYo=,sXk2hYvIp8cegv8IxeInaMITqhI=
-43,-62,o3cb4oTsETwnwZmFUYN3cggyGYo=,sXk2hYvIp8cegv8IxeInaMITqhI=
-41,-49,o3cb4oTsETwnwZmFUYN3cggyGYo=,sXk2hYvIp8cegv8IxeInaMITqhI=
-43,-49,o3cb4oTsETwnwZmFUYN3cggyGYo=,sXk2hYvIp8cegv8IxeInaMITqhI=
-42,-49,o3cb4oTsETwnwZmFUYN3cggyGYo=,sXk2hYvIp8cegv8IxeInaMITqhI=
-44,-49,o3cb4oTsETwnwZmFUYN3cggyGYo=,sXk2hYvIp8cegv8IxeInaMITqhI=
-45,-49,o3cb4oTsETwnwZmFUYN3cggyGYo=,sXk2hYvIp8cegv8IxeInaMITqhI=
-44,-62,o3cb4oTsETwnwZmFUYN3cggyGYo=,sXk2hYvIp8cegv8IxeInaMITqhI=
-44,-64,o3cb4oTsETwnwZmFUYN3cggyGYo=,sXk2hYvIp8cegv8IxeInaMITqhI=
-37,-61,o3cb4oTsETwnwZmFUYN3cggyGYo=,sXk2hYvIp8cegv8IxeInaMITqhI=
-46,-49,o3cb4oTsETwnwZmFUYN3cggyGYo=,sXk2hYvIp8cegv8IxeInaMITqhI=
-47,-49,o3cb4oTsETwnwZmFUYN3cggyGYo=,sXk2hYvIp8cegv8IxeInaMITqhI=
-48,-62,o3cb4oTsETwnwZmFUYN3cggyGYo=,sXk2hYvIp8cegv8IxeInaMITqhI=
-45,-62,o3cb4oTsETwnwZmFUYN3cggyGYo=,sXk2hYvIp8cegv8IxeInaMITqhI=
-48,-49,o3cb4oTsETwnwZmFUYN3cggyGYo=,sXk2hYvIp8cegv8IxeInaMITqhI=
-34,-49,o3cb4oTsETwnwZmFUYN3cggyGYo=,sXk2hYvIp8cegv8IxeInaMITqhI=
-34,-63,o3cb4oTsETwnwZmFUYN3cggyGYo=,sXk2hYvIp8cegv8IxeInaMITqhI=
-46,-64,o3cb4oTsETwnwZmFUYN3cggyGYo=,sXk2hYvIp8cegv8IxeInaMITqhI=
-35,-61,o3cb4oTsETwnwZmFUYN3cggyGYo=,sXk2hYvIp8cegv8IxeInaMITqhI=
-35,-49,o3cb4oTsETwnwZmFUYN3cggyGYo=,sXk2hYvIp8cegv8IxeInaMITqhI=
-38,-49,o3cb4oTsETwnwZmFUYN3cggyGYo=,sXk2hYvIp8cegv8IxeInaMITqhI=
-40,-50,o3cb4oTsETwnwZmFUYN3cggyGYo=,sXk2hYvIp8cegv8IxeInaMITqhI=
-41,-50,o3cb4oTsETwnwZmFUYN3cggyGYo=,sXk2hYvIp8cegv8IxeInaMITqhI=
-43,-50,o3cb4oTsETwnwZmFUYN3cggyGYo=,sXk2hYvIp8cegv8IxeInaMITqhI=
-42,-50,o3cb4oTsETwnwZmFUYN3cggyGYo=,sXk2hYvIp8cegv8IxeInaMITqhI=
-44,-50,o3cb4oTsETwnwZmFUYN3cggyGYo=,sXk2hYvIp8cegv8IxeInaMITqhI=
-46,-50,o3cb4oTsETwnwZmFUYN3cggyGYo=,sXk2hYvIp8cegv8IxeInaMITqhI=
-45,-50,o3cb4oTsETwnwZmFUYN3cggyGYo=,sXk2hYvIp8cegv8IxeInaMITqhI=
-37,-49,o3cb4oTsETwnwZmFUYN3cggyGYo=,sXk2hYvIp8cegv8IxeInaMITqhI=
-39,-49,o3cb4oTsETwnwZmFUYN3cggyGYo=,sXk2hYvIp8cegv8IxeInaMITqhI=
-47,-50,o3cb4oTsETwnwZmFUYN3cggyGYo=,sXk2hYvIp8cegv8IxeInaMITqhI=
-48,-50,o3cb4oTsETwnwZmFUYN3cggyGYo=,sXk2hYvIp8cegv8IxeInaMITqhI=
-36,-50,o3cb4oTsETwnwZmFUYN3cggyGYo=,sXk2hYvIp8cegv8IxeInaMITqhI=
-36,-49,o3cb4oTsETwnwZmFUYN3cggyGYo=,sXk2hYvIp8cegv8IxeInaMITqhI=
-48,-63,o3cb4oTsETwnwZmFUYN3cggyGYo=,sXk2hYvIp8cegv8IxeInaMITqhI=
-38,-61,o3cb4oTsETwnwZmFUYN3cggyGYo=,sXk2hYvIp8cegv8IxeInaMITqhI=
-47,-63,o3cb4oTsETwnwZmFUYN3cggyGYo=,sXk2hYvIp8cegv8IxeInaMITqhI=
-37,-50,o3cb4oTsETwnwZmFUYN3cggyGYo=,sXk2hYvIp8cegv8IxeInaMITqhI=
-34,-61,o3cb4oTsETwnwZmFUYN3cggyGYo=,sXk2hYvIp8cegv8IxeInaMITqhI=
-39,-61,o3cb4oTsETwnwZmFUYN3cggyGYo=,sXk2hYvIp8cegv8IxeInaMITqhI=
-40,-51,o3cb4oTsETwnwZmFUYN3cggyGYo=,sXk2hYvIp8cegv8IxeInaMITqhI=
-41,-51,o3cb4oTsETwnwZmFUYN3cggyGYo=,sXk2hYvIp8cegv8IxeInaMITqhI=
-37,-51,o3cb4oTsETwnwZmFUYN3cggyGYo=,sXk2hYvIp8cegv8IxeInaMITqhI=
-42,-51,o3cb4oTsETwnwZmFUYN3cggyGYo=,sXk2hYvIp8cegv8IxeInaMITqhI=
-43,-51,o3cb4oTsETwnwZmFUYN3cggyGYo=,sXk2hYvIp8cegv8IxeInaMITqhI=
-44,-51,o3cb4oTsETwnwZmFUYN3cggyGYo=,sXk2hYvIp8cegv8IxeInaMITqhI=
-45,-51,o3cb4oTsETwnwZmFUYN3cggyGYo=,sXk2hYvIp8cegv8IxeInaMITqhI=
-39,-50,o3cb4oTsETwnwZmFUYN3cggyGYo=,sXk2hYvIp8cegv8IxeInaMITqhI=
-36,-51,o3cb4oTsETwnwZmFUYN3cggyGYo=,sXk2hYvIp8cegv8IxeInaMITqhI=
-47,-64,o3cb4oTsETwnwZmFUYN3cggyGYo=,sXk2hYvIp8cegv8IxeInaMITqhI=
-46,-51,o3cb4oTsETwnwZmFUYN3cggyGYo=,sXk2hYvIp8cegv8IxeInaMITqhI=
-47,-51,o3cb4oTsETwnwZmFUYN3cggyGYo=,sXk2hYvIp8cegv8IxeInaMITqhI=
-48,-51,o3cb4oTsETwnwZmFUYN3cggyGYo=,sXk2hYvIp8cegv8IxeInaMITqhI=
-38,-50,o3cb4oTsETwnwZmFUYN3cggyGYo=,sXk2hYvIp8cegv8IxeInaMITqhI=
-35,-51,o3cb4oTsETwnwZmFUYN3cggyGYo=,sXk2hYvIp8cegv8IxeInaMITqhI=
-33,-51,o3cb4oTsETwnwZmFUYN3cggyGYo=,sXk2hYvIp8cegv8IxeInaMITqhI=
-34,-51,o3cb4oTsETwnwZmFUYN3cggyGYo=,sXk2hYvIp8cegv8IxeInaMITqhI=
-39,-51,o3cb4oTsETwnwZmFUYN3cggyGYo=,sXk2hYvIp8cegv8IxeInaMITqhI=
-33,-64,o3cb4oTsETwnwZmFUYN3cggyGYo=,sXk2hYvIp8cegv8IxeInaMITqhI=
-33,-61,o3cb4oTsETwnwZmFUYN3cggyGYo=,sXk2hYvIp8cegv8IxeInaMITqhI=
-36,-63,o3cb4oTsETwnwZmFUYN3cggyGYo=,sXk2hYvIp8cegv8IxeInaMITqhI=
-36,-52,o3cb4oTsETwnwZmFUYN3cggyGYo=,sXk2hYvIp8cegv8IxeInaMITqhI=
-40,-52,o3cb4oTsETwnwZmFUYN3cggyGYo=,sXk2hYvIp8cegv8IxeInaMITqhI=
-41,-52,o3cb4oTsETwnwZmFUYN3cggyGYo=,sXk2hYvIp8cegv8IxeInaMITqhI=
-42,-52,o3cb4oTsETwnwZmFUYN3cggyGYo=,sXk2hYvIp8cegv8IxeInaMITqhI=
-43,-52,o3cb4oTsETwnwZmFUYN3cggyGYo=,sXk2hYvIp8cegv8IxeInaMITqhI=
-44,-52,o3cb4oTsETwnwZmFUYN3cggyGYo=,sXk2hYvIp8cegv8IxeInaMITqhI=
-35,-52,o3cb4oTsETwnwZmFUYN3cggyGYo=,sXk2hYvIp8cegv8IxeInaMITqhI=
-34,-50,o3cb4oTsETwnwZmFUYN3cggyGYo=,sXk2hYvIp8cegv8IxeInaMITqhI=
-45,-52,o3cb4oTsETwnwZmFUYN3cggyGYo=,sXk2hYvIp8cegv8IxeInaMITqhI=
-46,-52,o3cb4oTsETwnwZmFUYN3cggyGYo=,sXk2hYvIp8cegv8IxeInaMITqhI=
-47,-52,o3cb4oTsETwnwZmFUYN3cggyGYo=,sXk2hYvIp8cegv8IxeInaMITqhI=
-38,-51,o3cb4oTsETwnwZmFUYN3cggyGYo=,sXk2hYvIp8cegv8IxeInaMITqhI=
-37,-52,o3cb4oTsETwnwZmFUYN3cggyGYo=,sXk2hYvIp8cegv8IxeInaMITqhI=
-48,-52,o3cb4oTsETwnwZmFUYN3cggyGYo=,sXk2hYvIp8cegv8IxeInaMITqhI=
-39,-52,o3cb4oTsETwnwZmFUYN3cggyGYo=,sXk2hYvIp8cegv8IxeInaMITqhI=
-34,-52,o3cb4oTsETwnwZmFUYN3cggyGYo=,sXk2hYvIp8cegv8IxeInaMITqhI=
-35,-63,o3cb4oTsETwnwZmFUYN3cggyGYo=,sXk2hYvIp8cegv8IxeInaMITqhI=
-41,-61,o3cb4oTsETwnwZmFUYN3cggyGYo=,sXk2hYvIp8cegv8IxeInaMITqhI=
-34,-64,o3cb4oTsETwnwZmFUYN3cggyGYo=,sXk2hYvIp8cegv8IxeInaMITqhI=
-33,-52,o3cb4oTsETwnwZmFUYN3cggyGYo=,sXk2hYvIp8cegv8IxeInaMITqhI=
-40,-53,o3cb4oTsETwnwZmFUYN3cggyGYo=,sXk2hYvIp8cegv8IxeInaMITqhI=
-41,-53,o3cb4oTsETwnwZmFUYN3cggyGYo=,sXk2hYvIp8cegv8IxeInaMITqhI=
-42,-53,o3cb4oTsETwnwZmFUYN3cggyGYo=,sXk2hYvIp8cegv8IxeInaMITqhI=
-43,-53,o3cb4oTsETwnwZmFUYN3cggyGYo=,sXk2hYvIp8cegv8IxeInaMITqhI=
-43,-64,o3cb4oTsETwnwZmFUYN3cggyGYo=,sXk2hYvIp8cegv8IxeInaMITqhI=
-38,-52,o3cb4oTsETwnwZmFUYN3cggyGYo=,sXk2hYvIp8cegv8IxeInaMITqhI=
-36,-53,o3cb4oTsETwnwZmFUYN3cggyGYo=,sXk2hYvIp8cegv8IxeInaMITqhI=
-44,-53,o3cb4oTsETwnwZmFUYN3cggyGYo=,sXk2hYvIp8cegv8IxeInaMITqhI=
-45,-53,o3cb4oTsETwnwZmFUYN3cggyGYo=,sXk2hYvIp8cegv8IxeInaMITqhI=
-46,-53,o3cb4oTsETwnwZmFUYN3cggyGYo=,sXk2hYvIp8cegv8IxeInaMITqhI=
-47,-53,o3cb4oTsETwnwZmFUYN3cggyGYo=,sXk2hYvIp8cegv8IxeInaMITqhI=
-48,-53,o3cb4oTsETwnwZmFUYN3cggyGYo=,sXk2hYvIp8cegv8IxeInaMITqhI=
-37,-63,o3cb4oTsETwnwZmFUYN3cggyGYo=,sXk2hYvIp8cegv8IxeInaMITqhI=
-35,-64,o3cb4oTsETwnwZmFUYN3cggyGYo=,sXk2hYvIp8cegv8IxeInaMITqhI=
-34,-53,o3cb4oTsETwnwZmFUYN3cggyGYo=,sXk2hYvIp8cegv8IxeInaMITqhI=
-38,-53,o3cb4oTsETwnwZmFUYN3cggyGYo=,sXk2hYvIp8cegv8IxeInaMITqhI=
-48,-60,o3cb4oTsETwnwZmFUYN3cggyGYo=,sXk2hYvIp8cegv8IxeInaMITqhI=
-35,-53,o3cb4oTsETwnwZmFUYN3cggyGYo=,sXk2hYvIp8cegv8IxeInaMITqhI=
-42,-61,o3cb4oTsETwnwZmFUYN3cggyGYo=,sXk2hYvIp8cegv8IxeInaMITqhI=
-33,-54,o3cb4oTsETwnwZmFUYN3cggyGYo=,sXk2hYvIp8cegv8IxeInaMITqhI=
-39,-54,o3cb4oTsETwnwZmFUYN3cggyGYo=,sXk2hYvIp8cegv8IxeInaMITqhI=
-41,-54,o3cb4oTsETwnwZmFUYN3cggyGYo=,sXk2hYvIp8cegv8IxeInaMITqhI=
-40,-54,o3cb4oTsETwnwZmFUYN3cggyGYo=,sXk2hYvIp8cegv8IxeInaMITqhI=
-42,-54,o3cb4oTsETwnwZmFUYN3cggyGYo=,sXk2hYvIp8cegv8IxeInaMITqhI=
-37,-53,o3cb4oTsETwnwZmFUYN3cggyGYo=,sXk2hYvIp8cegv8IxeInaMITqhI=
-38,-63,o3cb4oTsETwnwZmFUYN3cggyGYo=,sXk2hYvIp8cegv8IxeInaMITqhI=
-43,-54,o3cb4oTsETwnwZmFUYN3cggyGYo=,sXk2hYvIp8cegv8IxeInaMITqhI=
-44,-54,o3cb4oTsETwnwZmFUYN3cggyGYo=,sXk2hYvIp8cegv8IxeInaMITqhI=
-45,-54,o3cb4oTsETwnwZmFUYN3cggyGYo=,sXk2hYvIp8cegv8IxeInaMITqhI=
-46,-54,o3cb4oTsETwnwZmFUYN3cggyGYo=,sXk2hYvIp8cegv8IxeInaMITqhI=
-47,-54,o3cb4oTsETwnwZmFUYN3cggyGYo=,sXk2hYvIp8cegv8IxeInaMITqhI=
-48,-54,o3cb4oTsETwnwZmFUYN3cggyGYo=,sXk2hYvIp8cegv8IxeInaMITqhI=
-37,-54,o3cb4oTsETwnwZmFUYN3cggyGYo=,sXk2hYvIp8cegv8IxeInaMITqhI=
-38,-54,o3cb4oTsETwnwZmFUYN3cggyGYo=,sXk2hYvIp8cegv8IxeInaMITqhI=
-36,-64,o3cb4oTsETwnwZmFUYN3cggyGYo=,sXk2hYvIp8cegv8IxeInaMITqhI=
-34,-54,o3cb4oTsETwnwZmFUYN3cggyGYo=,sXk2hYvIp8cegv8IxeInaMITqhI=
-35,-54,o3cb4oTsETwnwZmFUYN3cggyGYo=,sXk2hYvIp8cegv8IxeInaMITqhI=
-36,-54,o3cb4oTsETwnwZmFUYN3cggyGYo=,sXk2hYvIp8cegv8IxeInaMITqhI=
-33,-55,o3cb4oTsETwnwZmFUYN3cggyGYo=,sXk2hYvIp8cegv8IxeInaMITqhI=
-39,-55,o3cb4oTsETwnwZmFUYN3cggyGYo=,sXk2hYvIp8cegv8IxeInaMITqhI=
-40,-55,o3cb4oTsETwnwZmFUYN3cggyGYo=,sXk2hYvIp8cegv8IxeInaMITqhI=
-41,-55,o3cb4oTsETwnwZmFUYN3cggyGYo=,sXk2hYvIp8cegv8IxeInaMITqhI=
-38,-55,o3cb4oTsETwnwZmFUYN3cggyGYo=,sXk2hYvIp8cegv8IxeInaMITqhI=
-39,-53,o3cb4oTsETwnwZmFUYN3cggyGYo=,sXk2hYvIp8cegv8IxeInaMITqhI=
-43,-55,o3cb4oTsETwnwZmFUYN3cggyGYo=,sXk2hYvIp8cegv8IxeInaMITqhI=
-42,-55,o3cb4oTsETwnwZmFUYN3cggyGYo=,sXk2hYvIp8cegv8IxeInaMITqhI=
-45,-55,o3cb4oTsETwnwZmFUYN3cggyGYo=,sXk2hYvIp8cegv8IxeInaMITqhI=
-44,-55,o3cb4oTsETwnwZmFUYN3cggyGYo=,sXk2hYvIp8cegv8IxeInaMITqhI=
-46,-55,o3cb4oTsETwnwZmFUYN3cggyGYo=,sXk2hYvIp8cegv8IxeInaMITqhI=
-47,-55,o3cb4oTsETwnwZmFUYN3cggyGYo=,sXk2hYvIp8cegv8IxeInaMITqhI=
-48,-55,o3cb4oTsETwnwZmFUYN3cggyGYo=,sXk2hYvIp8cegv8IxeInaMITqhI=
-37,-55,o3cb4oTsETwnwZmFUYN3cggyGYo=,sXk2hYvIp8cegv8IxeInaMITqhI=
-46,-63,o3cb4oTsETwnwZmFUYN3cggyGYo=,sXk2hYvIp8cegv8IxeInaMITqhI=
-34,-55,o3cb4oTsETwnwZmFUYN3cggyGYo=,sXk2hYvIp8cegv8IxeInaMITqhI=
-35,-55,o3cb4oTsETwnwZmFUYN3cggyGYo=,sXk2hYvIp8cegv8IxeInaMITqhI=
-39,-63,o3cb4oTsETwnwZmFUYN3cggyGYo=,sXk2hYvIp8cegv8IxeInaMITqhI=
-44,-61,o3cb4oTsETwnwZmFUYN3cggyGYo=,sXk2hYvIp8cegv8IxeInaMITqhI=
-40,-61,o3cb4oTsETwnwZmFUYN3cggyGYo=,sXk2hYvIp8cegv8IxeInaMITqhI=
-35,-56,o3cb4oTsETwnwZmFUYN3cggyGYo=,sXk2hYvIp8cegv8IxeInaMITqhI=
-36,-55,o3cb4oTsETwnwZmFUYN3cggyGYo=,sXk2hYvIp8cegv8IxeInaMITqhI=
-40,-63,o3cb4oTsETwnwZmFUYN3cggyGYo=,sXk2hYvIp8cegv8IxeInaMITqhI=
-37,-64,o3cb4oTsETwnwZmFUYN3cggyGYo=,sXk2hYvIp8cegv8IxeInaMITqhI=
-37,-56,o3cb4oTsETwnwZmFUYN3cggyGYo=,sXk2hYvIp8cegv8IxeInaMITqhI=
-38,-56,o3cb4oTsETwnwZmFUYN3cggyGYo=,sXk2hYvIp8cegv8IxeInaMITqhI=
-42,-56,o3cb4oTsETwnwZmFUYN3cggyGYo=,sXk2hYvIp8cegv8IxeInaMITqhI=
-43,-56,o3cb4oTsETwnwZmFUYN3cggyGYo=,sXk2hYvIp8cegv8IxeInaMITqhI=
-44,-56,o3cb4oTsETwnwZmFUYN3cggyGYo=,sXk2hYvIp8cegv8IxeInaMITqhI=
-45,-56,o3cb4oTsETwnwZmFUYN3cggyGYo=,sXk2hYvIp8cegv8IxeInaMITqhI=
-47,-56,o3cb4oTsETwnwZmFUYN3cggyGYo=,sXk2hYvIp8cegv8IxeInaMITqhI=
-46,-56,o3cb4oTsETwnwZmFUYN3cggyGYo=,sXk2hYvIp8cegv8IxeInaMITqhI=
-41,-56,o3cb4oTsETwnwZmFUYN3cggyGYo=,sXk2hYvIp8cegv8IxeInaMITqhI=
-48,-56,o3cb4oTsETwnwZmFUYN3cggyGYo=,sXk2hYvIp8cegv8IxeInaMITqhI=
-36,-56,o3cb4oTsETwnwZmFUYN3cggyGYo=,sXk2hYvIp8cegv8IxeInaMITqhI=
-35,-50,o3cb4oTsETwnwZmFUYN3cggyGYo=,sXk2hYvIp8cegv8IxeInaMITqhI=
-47,-60,o3cb4oTsETwnwZmFUYN3cggyGYo=,sXk2hYvIp8cegv8IxeInaMITqhI=
-39,-56,o3cb4oTsETwnwZmFUYN3cggyGYo=,sXk2hYvIp8cegv8IxeInaMITqhI=
-38,-64,o3cb4oTsETwnwZmFUYN3cggyGYo=,sXk2hYvIp8cegv8IxeInaMITqhI=
-33,-53,o3cb4oTsETwnwZmFUYN3cggyGYo=,sXk2hYvIp8cegv8IxeInaMITqhI=
-36,-57,o3cb4oTsETwnwZmFUYN3cggyGYo=,sXk2hYvIp8cegv8IxeInaMITqhI=
-34,-57,o3cb4oTsETwnwZmFUYN3cggyGYo=,sXk2hYvIp8cegv8IxeInaMITqhI=
-33,-50,o3cb4oTsETwnwZmFUYN3cggyGYo=,sXk2hYvIp8cegv8IxeInaMITqhI=
-35,-57,o3cb4oTsETwnwZmFUYN3cggyGYo=,sXk2hYvIp8cegv8IxeInaMITqhI=
-45,-61,o3cb4oTsETwnwZmFUYN3cggyGYo=,sXk2hYvIp8cegv8IxeInaMITqhI=
-41,-63,o3cb4oTsETwnwZmFUYN3cggyGYo=,sXk2hYvIp8cegv8IxeInaMITqhI=
-43,-57,o3cb4oTsETwnwZmFUYN3cggyGYo=,sXk2hYvIp8cegv8IxeInaMITqhI=
-44,-57,o3cb4oTsETwnwZmFUYN3cggyGYo=,sXk2hYvIp8cegv8IxeInaMITqhI=
-45,-57,o3cb4oTsETwnwZmFUYN3cggyGYo=,sXk2hYvIp8cegv8IxeInaMITqhI=
-46,-57,o3cb4oTsETwnwZmFUYN3cggyGYo=,sXk2hYvIp8cegv8IxeInaMITqhI=
-47,-57,o3cb4oTsETwnwZmFUYN3cggyGYo=,sXk2hYvIp8cegv8IxeInaMITqhI=
-48,-57,o3cb4oTsETwnwZmFUYN3cggyGYo=,sXk2hYvIp8cegv8IxeInaMITqhI=
-42,-57,o3cb4oTsETwnwZmFUYN3cggyGYo=,sXk2hYvIp8cegv8IxeInaMITqhI=
-39,-57,o3cb4oTsETwnwZmFUYN3cggyGYo=,sXk2hYvIp8cegv8IxeInaMITqhI=
-40,-57,o3cb4oTsETwnwZmFUYN3cggyGYo=,sXk2hYvIp8cegv8IxeInaMITqhI=
-37,-57,o3cb4oTsETwnwZmFUYN3cggyGYo=,sXk2hYvIp8cegv8IxeInaMITqhI=
-41,-57,o3cb4oTsETwnwZmFUYN3cggyGYo=,sXk2hYvIp8cegv8IxeInaMITqhI=
-46,-60,o3cb4oTsETwnwZmFUYN3cggyGYo=,sXk2hYvIp8cegv8IxeInaMITqhI=
-34,-58,o3cb4oTsETwnwZmFUYN3cggyGYo=,sXk2hYvIp8cegv8IxeInaMITqhI=
-46,-61,o3cb4oTsETwnwZmFUYN3cggyGYo=,sXk2hYvIp8cegv8IxeInaMITqhI=
-36,-58,o3cb4oTsETwnwZmFUYN3cggyGYo=,sXk2hYvIp8cegv8IxeInaMITqhI=
-39,-64,o3cb4oTsETwnwZmFUYN3cggyGYo=,sXk2hYvIp8cegv8IxeInaMITqhI=
-35,-58,o3cb4oTsETwnwZmFUYN3cggyGYo=,sXk2hYvIp8cegv8IxeInaMITqhI=
-38,-58,o3cb4oTsETwnwZmFUYN3cggyGYo=,sXk2hYvIp8cegv8IxeInaMITqhI=
-43,-58,o3cb4oTsETwnwZmFUYN3cggyGYo=,sXk2hYvIp8cegv8IxeInaMITqhI=
-39,-58,o3cb4oTsETwnwZmFUYN3cggyGYo=,sXk2hYvIp8cegv8IxeInaMITqhI=
-38,-57,o3cb4oTsETwnwZmFUYN3cggyGYo=,sXk2hYvIp8cegv8IxeInaMITqhI=
-45,-58,o3cb4oTsETwnwZmFUYN3cggyGYo=,sXk2hYvIp8cegv8IxeInaMITqhI=
-44,-58,o3cb4oTsETwnwZmFUYN3cggyGYo=,sXk2hYvIp8cegv8IxeInaMITqhI=
-46,-58,o3cb4oTsETwnwZmFUYN3cggyGYo=,sXk2hYvIp8cegv8IxeInaMITqhI=
-47,-58,o3cb4oTsETwnwZmFUYN3cggyGYo=,sXk2hYvIp8cegv8IxeInaMITqhI=
-47,-61,o3cb4oTsETwnwZmFUYN3cggyGYo=,sXk2hYvIp8cegv8IxeInaMITqhI=
-48,-58,o3cb4oTsETwnwZmFUYN3cggyGYo=,sXk2hYvIp8cegv8IxeInaMITqhI=
-42,-58,o3cb4oTsETwnwZmFUYN3cggyGYo=,sXk2hYvIp8cegv8IxeInaMITqhI=
-37,-58,o3cb4oTsETwnwZmFUYN3cggyGYo=,sXk2hYvIp8cegv8IxeInaMITqhI=
-40,-58,o3cb4oTsETwnwZmFUYN3cggyGYo=,sXk2hYvIp8cegv8IxeInaMITqhI=
-41,-58,o3cb4oTsETwnwZmFUYN3cggyGYo=,sXk2hYvIp8cegv8IxeInaMITqhI=
-33,-58,o3cb4oTsETwnwZmFUYN3cggyGYo=,sXk2hYvIp8cegv8IxeInaMITqhI=
-40,-64,o3cb4oTsETwnwZmFUYN3cggyGYo=,sXk2hYvIp8cegv8IxeInaMITqhI=
-45,-60,o3cb4oTsETwnwZmFUYN3cggyGYo=,sXk2hYvIp8cegv8IxeInaMITqhI=
-43,-61,o3cb4oTsETwnwZmFUYN3cggyGYo=,sXk2hYvIp8cegv8IxeInaMITqhI=
-35,-59,o3cb4oTsETwnwZmFUYN3cggyGYo=,sXk2hYvIp8cegv8IxeInaMITqhI=
-43,-63,o3cb4oTsETwnwZmFUYN3cggyGYo=,sXk2hYvIp8cegv8IxeInaMITqhI=
-42,-63,o3cb4oTsETwnwZmFUYN3cggyGYo=,sXk2hYvIp8cegv8IxeInaMITqhI=
-39,-59,o3cb4oTsETwnwZmFUYN3cggyGYo=,sXk2hYvIp8cegv8IxeInaMITqhI=
-40,-59,o3cb4oTsETwnwZmFUYN3cggyGYo=,sXk2hYvIp8cegv8IxeInaMITqhI=
-34,-59,o3cb4oTsETwnwZmFUYN3cggyGYo=,sXk2hYvIp8cegv8IxeInaMITqhI=
-41,-59,o3cb4oTsETwnwZmFUYN3cggyGYo=,sXk2hYvIp8cegv8IxeInaMITqhI=
-33,-59,o3cb4oTsETwnwZmFUYN3cggyGYo=,sXk2hYvIp8cegv8IxeInaMITqhI=
-44,-63,o3cb4oTsETwnwZmFUYN3cggyGYo=,sXk2hYvIp8cegv8IxeInaMITqhI=
-36,-59,o3cb4oTsETwnwZmFUYN3cggyGYo=,sXk2hYvIp8cegv8IxeInaMITqhI=
-42,-59,o3cb4oTsETwnwZmFUYN3cggyGYo=,sXk2hYvIp8cegv8IxeInaMITqhI=
-43,-59,o3cb4oTsETwnwZmFUYN3cggyGYo=,sXk2hYvIp8cegv8IxeInaMITqhI=
-44,-59,o3cb4oTsETwnwZmFUYN3cggyGYo=,sXk2hYvIp8cegv8IxeInaMITqhI=
-46,-59,o3cb4oTsETwnwZmFUYN3cggyGYo=,sXk2hYvIp8cegv8IxeInaMITqhI=
-48,-59,o3cb4oTsETwnwZmFUYN3cggyGYo=,sXk2hYvIp8cegv8IxeInaMITqhI=
-38,-59,o3cb4oTsETwnwZmFUYN3cggyGYo=,sXk2hYvIp8cegv8IxeInaMITqhI=
-44,-60,o3cb4oTsETwnwZmFUYN3cggyGYo=,sXk2hYvIp8cegv8IxeInaMITqhI=
-45,-59,o3cb4oTsETwnwZmFUYN3cggyGYo=,sXk2hYvIp8cegv8IxeInaMITqhI=
-45,-63,o3cb4oTsETwnwZmFUYN3cggyGYo=,sXk2hYvIp8cegv8IxeInaMITqhI=
-34,-60,o3cb4oTsETwnwZmFUYN3cggyGYo=,sXk2hYvIp8cegv8IxeInaMITqhI=
-48,-61,o3cb4oTsETwnwZmFUYN3cggyGYo=,sXk2hYvIp8cegv8IxeInaMITqhI=
-36,-60,o3cb4oTsETwnwZmFUYN3cggyGYo=,sXk2hYvIp8cegv8IxeInaMITqhI=
-48,-64,o3cb4oTsETwnwZmFUYN3cggyGYo=,sXk2hYvIp8cegv8IxeInaMITqhI=
-33,-60,o3cb4oTsETwnwZmFUYN3cggyGYo=,sXk2hYvIp8cegv8IxeInaMITqhI=
-35,-60,o3cb4oTsETwnwZmFUYN3cggyGYo=,sXk2hYvIp8cegv8IxeInaMITqhI=
-33,-56,o3cb4oTsETwnwZmFUYN3cggyGYo=,sXk2hYvIp8cegv8IxeInaMITqhI=
-39,-60,o3cb4oTsETwnwZmFUYN3cggyGYo=,sXk2hYvIp8cegv8IxeInaMITqhI=
-42,-64,o3cb4oTsETwnwZmFUYN3cggyGYo=,sXk2hYvIp8cegv8IxeInaMITqhI=
-34,-56,o3cb4oTsETwnwZmFUYN3cggyGYo=,sXk2hYvIp8cegv8IxeInaMITqhI=
-41,-60,o3cb4oTsETwnwZmFUYN3cggyGYo=,sXk2hYvIp8cegv8IxeInaMITqhI=
-33,-62,o3cb4oTsETwnwZmFUYN3cggyGYo=,sXk2hYvIp8cegv8IxeInaMITqhI=
-40,-60,o3cb4oTsETwnwZmFUYN3cggyGYo=,sXk2hYvIp8cegv8IxeInaMITqhI=
-47,-59,o3cb4oTsETwnwZmFUYN3cggyGYo=,sXk2hYvIp8cegv8IxeInaMITqhI=
-38,-60,o3cb4oTsETwnwZmFUYN3cggyGYo=,sXk2hYvIp8cegv8IxeInaMITqhI=
-40,-56,o3cb4oTsETwnwZmFUYN3cggyGYo=,sXk2hYvIp8cegv8IxeInaMITqhI=
-37,-60,o3cb4oTsETwnwZmFUYN3cggyGYo=,sXk2hYvIp8cegv8IxeInaMITqhI=
-37,-59,o3cb4oTsETwnwZmFUYN3cggyGYo=,sXk2hYvIp8cegv8IxeInaMITqhI=
-43,-60,o3cb4oTsETwnwZmFUYN3cggyGYo=,sXk2hYvIp8cegv8IxeInaMITqhI=
-33,-57,o3cb4oTsETwnwZmFUYN3cggyGYo=,sXk2hYvIp8cegv8IxeInaMITqhI=
-42,-60,o3cb4oTsETwnwZmFUYN3cggyGYo=,sXk2hYvIp8cegv8IxeInaMITqhI=
-41,-64,o3cb4oTsETwnwZmFUYN3cggyGYo=,sXk2hYvIp8cegv8IxeInaMITqhI=
-52,-61,abvm1QlYq4wzzvddVRRJTDbcp6c=,Voc9b/TgHyVBEauZxF8ZzVZ3v5A=
-50,-62,abvm1QlYq4wzzvddVRRJTDbcp6c=,Voc9b/TgHyVBEauZxF8ZzVZ3v5A=
-60,-64,abvm1QlYq4wzzvddVRRJTDbcp6c=,Voc9b/TgHyVBEauZxF8ZzVZ3v5A=
-51,-61,abvm1QlYq4wzzvddVRRJTDbcp6c=,Voc9b/TgHyVBEauZxF8ZzVZ3v5A=
-50,-61,abvm1QlYq4wzzvddVRRJTDbcp6c=,Voc9b/TgHyVBEauZxF8ZzVZ3v5A=
-61,-64,abvm1QlYq4wzzvddVRRJTDbcp6c=,Voc9b/TgHyVBEauZxF8ZzVZ3v5A=
-49,-61,abvm1QlYq4wzzvddVRRJTDbcp6c=,Voc9b/TgHyVBEauZxF8ZzVZ3v5A=
-59,-64,abvm1QlYq4wzzvddVRRJTDbcp6c=,Voc9b/TgHyVBEauZxF8ZzVZ3v5A=
-64,-60,abvm1QlYq4wzzvddVRRJTDbcp6c=,Voc9b/TgHyVBEauZxF8ZzVZ3v5A=
-62,-63,abvm1QlYq4wzzvddVRRJTDbcp6c=,Voc9b/TgHyVBEauZxF8ZzVZ3v5A=
-63,-60,abvm1QlYq4wzzvddVRRJTDbcp6c=,Voc9b/TgHyVBEauZxF8ZzVZ3v5A=
-62,-60,abvm1QlYq4wzzvddVRRJTDbcp6c=,Voc9b/TgHyVBEauZxF8ZzVZ3v5A=
-61,-60,abvm1QlYq4wzzvddVRRJTDbcp6c=,Voc9b/TgHyVBEauZxF8ZzVZ3v5A=
-60,-60,abvm1QlYq4wzzvddVRRJTDbcp6c=,Voc9b/TgHyVBEauZxF8ZzVZ3v5A=
-64,-64,abvm1QlYq4wzzvddVRRJTDbcp6c=,Voc9b/TgHyVBEauZxF8ZzVZ3v5A=
-59,-60,abvm1QlYq4wzzvddVRRJTDbcp6c=,Voc9b/TgHyVBEauZxF8ZzVZ3v5A=
-58,-60,abvm1QlYq4wzzvddVRRJTDbcp6c=,Voc9b/TgHyVBEauZxF8ZzVZ3v5A=
-57,-60,abvm1QlYq4wzzvddVRRJTDbcp6c=,Voc9b/TgHyVBEauZxF8ZzVZ3v5A=
-56,-60,abvm1QlYq4wzzvddVRRJTDbcp6c=,Voc9b/TgHyVBEauZxF8ZzVZ3v5A=
-55,-60,abvm1QlYq4wzzvddVRRJTDbcp6c=,Voc9b/TgHyVBEauZxF8ZzVZ3v5A=
-54,-60,abvm1QlYq4wzzvddVRRJTDbcp6c=,Voc9b/TgHyVBEauZxF8ZzVZ3v5A=
-49,-62,abvm1QlYq4wzzvddVRRJTDbcp6c=,Voc9b/TgHyVBEauZxF8ZzVZ3v5A=
-53,-60,abvm1QlYq4wzzvddVRRJTDbcp6c=,Voc9b/TgHyVBEauZxF8ZzVZ3v5A=
-58,-64,abvm1QlYq4wzzvddVRRJTDbcp6c=,Voc9b/TgHyVBEauZxF8ZzVZ3v5A=
-52,-60,abvm1QlYq4wzzvddVRRJTDbcp6c=,Voc9b/TgHyVBEauZxF8ZzVZ3v5A=
-51,-60,abvm1QlYq4wzzvddVRRJTDbcp6c=,Voc9b/TgHyVBEauZxF8ZzVZ3v5A=
-50,-60,abvm1QlYq4wzzvddVRRJTDbcp6c=,Voc9b/TgHyVBEauZxF8ZzVZ3v5A=
-49,-60,abvm1QlYq4wzzvddVRRJTDbcp6c=,Voc9b/TgHyVBEauZxF8ZzVZ3v5A=
-64,-59,abvm1QlYq4wzzvddVRRJTDbcp6c=,Voc9b/TgHyVBEauZxF8ZzVZ3v5A=
-49,-63,abvm1QlYq4wzzvddVRRJTDbcp6c=,Voc9b/TgHyVBEauZxF8ZzVZ3v5A=
-52,-62,abvm1QlYq4wzzvddVRRJTDbcp6c=,Voc9b/TgHyVBEauZxF8ZzVZ3v5A=
-51,-62,abvm1QlYq4wzzvddVRRJTDbcp6c=,Voc9b/TgHyVBEauZxF8ZzVZ3v5A=
-53,-62,abvm1QlYq4wzzvddVRRJTDbcp6c=,Voc9b/TgHyVBEauZxF8ZzVZ3v5A=
-61,-63,abvm1QlYq4wzzvddVRRJTDbcp6c=,Voc9b/TgHyVBEauZxF8ZzVZ3v5A=
-63,-59,abvm1QlYq4wzzvddVRRJTDbcp6c=,Voc9b/TgHyVBEauZxF8ZzVZ3v5A=
-62,-59,abvm1QlYq4wzzvddVRRJTDbcp6c=,Voc9b/TgHyVBEauZxF8ZzVZ3v5A=
-61,-59,abvm1QlYq4wzzvddVRRJTDbcp6c=,Voc9b/TgHyVBEauZxF8ZzVZ3v5A=
-60,-59,abvm1QlYq4wzzvddVRRJTDbcp6c=,Voc9b/TgHyVBEauZxF8ZzVZ3v5A=
-59,-59,abvm1QlYq4wzzvddVRRJTDbcp6c=,Voc9b/TgHyVBEauZxF8ZzVZ3v5A=
-58,-59,abvm1QlYq4wzzvddVRRJTDbcp6c=,Voc9b/TgHyVBEauZxF8ZzVZ3v5A=
-49,-49,abvm1QlYq4wzzvddVRRJTDbcp6c=,Voc9b/TgHyVBEauZxF8ZzVZ3v5A=
-57,-59,abvm1QlYq4wzzvddVRRJTDbcp6c=,Voc9b/TgHyVBEauZxF8ZzVZ3v5A=
-56,-59,abvm1QlYq4wzzvddVRRJTDbcp6c=,Voc9b/TgHyVBEauZxF8ZzVZ3v5A=
-54,-62,abvm1QlYq4wzzvddVRRJTDbcp6c=,Voc9b/TgHyVBEauZxF8ZzVZ3v5A=
-55,-59,abvm1QlYq4wzzvddVRRJTDbcp6c=,Voc9b/TgHyVBEauZxF8ZzVZ3v5A=
-56,-62,abvm1QlYq4wzzvddVRRJTDbcp6c=,Voc9b/TgHyVBEauZxF8ZzVZ3v5A=
-55,-62,abvm1QlYq4wzzvddVRRJTDbcp6c=,Voc9b/TgHyVBEauZxF8ZzVZ3v5A=
-57,-62,abvm1QlYq4wzzvddVRRJTDbcp6c=,Voc9b/TgHyVBEauZxF8ZzVZ3v5A=
-54,-59,abvm1QlYq4wzzvddVRRJTDbcp6c=,Voc9b/TgHyVBEauZxF8ZzVZ3v5A=
-59,-62,abvm1QlYq4wzzvddVRRJTDbcp6c=,Voc9b/TgHyVBEauZxF8ZzVZ3v5A=
-62,-62,abvm1QlYq4wzzvddVRRJTDbcp6c=,Voc9b/TgHyVBEauZxF8ZzVZ3v5A=
-60,-62,abvm1QlYq4wzzvddVRRJTDbcp6c=,Voc9b/TgHyVBEauZxF8ZzVZ3v5A=
-58,-62,abvm1QlYq4wzzvddVRRJTDbcp6c=,Voc9b/TgHyVBEauZxF8ZzVZ3v5A=
-50,-49,abvm1QlYq4wzzvddVRRJTDbcp6c=,Voc9b/TgHyVBEauZxF8ZzVZ3v5A=
-51,-49,abvm1QlYq4wzzvddVRRJTDbcp6c=,Voc9b/TgHyVBEauZxF8ZzVZ3v5A=
-52,-49,abvm1QlYq4wzzvddVRRJTDbcp6c=,Voc9b/TgHyVBEauZxF8ZzVZ3v5A=
-53,-49,abvm1QlYq4wzzvddVRRJTDbcp6c=,Voc9b/TgHyVBEauZxF8ZzVZ3v5A=
-54,-49,abvm1QlYq4wzzvddVRRJTDbcp6c=,Voc9b/TgHyVBEauZxF8ZzVZ3v5A=
-61,-62,abvm1QlYq4wzzvddVRRJTDbcp6c=,Voc9b/TgHyVBEauZxF8ZzVZ3v5A=
-63,-62,abvm1QlYq4wzzvddVRRJTDbcp6c=,Voc9b/TgHyVBEauZxF8ZzVZ3v5A=
-64,-61,abvm1QlYq4wzzvddVRRJTDbcp6c=,Voc9b/TgHyVBEauZxF8ZzVZ3v5A=
-56,-49,abvm1QlYq4wzzvddVRRJTDbcp6c=,Voc9b/TgHyVBEauZxF8ZzVZ3v5A=
-59,-49,abvm1QlYq4wzzvddVRRJTDbcp6c=,Voc9b/TgHyVBEauZxF8ZzVZ3v5A=
-60,-49,abvm1QlYq4wzzvddVRRJTDbcp6c=,Voc9b/TgHyVBEauZxF8ZzVZ3v5A=
-57,-49,abvm1QlYq4wzzvddVRRJTDbcp6c=,Voc9b/TgHyVBEauZxF8ZzVZ3v5A=
-53,-61,abvm1QlYq4wzzvddVRRJTDbcp6c=,Voc9b/TgHyVBEauZxF8ZzVZ3v5A=
-55,-49,abvm1QlYq4wzzvddVRRJTDbcp6c=,Voc9b/TgHyVBEauZxF8ZzVZ3v5A=
-62,-49,abvm1QlYq4wzzvddVRRJTDbcp6c=,Voc9b/TgHyVBEauZxF8ZzVZ3v5A=
-58,-49,abvm1QlYq4wzzvddVRRJTDbcp6c=,Voc9b/TgHyVBEauZxF8ZzVZ3v5A=
-63,-49,abvm1QlYq4wzzvddVRRJTDbcp6c=,Voc9b/TgHyVBEauZxF8ZzVZ3v5A=
-61,-49,abvm1QlYq4wzzvddVRRJTDbcp6c=,Voc9b/TgHyVBEauZxF8ZzVZ3v5A=
-49,-50,abvm1QlYq4wzzvddVRRJTDbcp6c=,Voc9b/TgHyVBEauZxF8ZzVZ3v5A=
-50,-50,abvm1QlYq4wzzvddVRRJTDbcp6c=,Voc9b/TgHyVBEauZxF8ZzVZ3v5A=
-51,-50,abvm1QlYq4wzzvddVRRJTDbcp6c=,Voc9b/TgHyVBEauZxF8ZzVZ3v5A=
-52,-50,abvm1QlYq4wzzvddVRRJTDbcp6c=,Voc9b/TgHyVBEauZxF8ZzVZ3v5A=
-53,-50,abvm1QlYq4wzzvddVRRJTDbcp6c=,Voc9b/TgHyVBEauZxF8ZzVZ3v5A=
-54,-50,abvm1QlYq4wzzvddVRRJTDbcp6c=,Voc9b/TgHyVBEauZxF8ZzVZ3v5A=
-64,-49,abvm1QlYq4wzzvddVRRJTDbcp6c=,Voc9b/TgHyVBEauZxF8ZzVZ3v5A=
-55,-50,abvm1QlYq4wzzvddVRRJTDbcp6c=,Voc9b/TgHyVBEauZxF8ZzVZ3v5A=
-64,-62,abvm1QlYq4wzzvddVRRJTDbcp6c=,Voc9b/TgHyVBEauZxF8ZzVZ3v5A=
-56,-50,abvm1QlYq4wzzvddVRRJTDbcp6c=,Voc9b/TgHyVBEauZxF8ZzVZ3v5A=
-58,-50,abvm1QlYq4wzzvddVRRJTDbcp6c=,Voc9b/TgHyVBEauZxF8ZzVZ3v5A=
-62,-64,abvm1QlYq4wzzvddVRRJTDbcp6c=,Voc9b/TgHyVBEauZxF8ZzVZ3v5A=
-60,-50,abvm1QlYq4wzzvddVRRJTDbcp6c=,Voc9b/TgHyVBEauZxF8ZzVZ3v5A=
-54,-61,abvm1QlYq4wzzvddVRRJTDbcp6c=,Voc9b/TgHyVBEauZxF8ZzVZ3v5A=
-59,-50,abvm1QlYq4wzzvddVRRJTDbcp6c=,Voc9b/TgHyVBEauZxF8ZzVZ3v5A=
-61,-50,abvm1QlYq4wzzvddVRRJTDbcp6c=,Voc9b/TgHyVBEauZxF8ZzVZ3v5A=
-62,-50,abvm1QlYq4wzzvddVRRJTDbcp6c=,Voc9b/TgHyVBEauZxF8ZzVZ3v5A=
-50,-63,abvm1QlYq4wzzvddVRRJTDbcp6c=,Voc9b/TgHyVBEauZxF8ZzVZ3v5A=
-63,-50,abvm1QlYq4wzzvddVRRJTDbcp6c=,Voc9b/TgHyVBEauZxF8ZzVZ3v5A=
-60,-63,abvm1QlYq4wzzvddVRRJTDbcp6c=,Voc9b/TgHyVBEauZxF8ZzVZ3v5A=
-49,-51,abvm1QlYq4wzzvddVRRJTDbcp6c=,Voc9b/TgHyVBEauZxF8ZzVZ3v5A=
-64,-50,abvm1QlYq4wzzvddVRRJTDbcp6c=,Voc9b/TgHyVBEauZxF8ZzVZ3v5A=
-50,-51,abvm1QlYq4wzzvddVRRJTDbcp6c=,Voc9b/TgHyVBEauZxF8ZzVZ3v5A=
-57,-50,abvm1QlYq4wzzvddVRRJTDbcp6c=,Voc9b/TgHyVBEauZxF8ZzVZ3v5A=
-51,-51,abvm1QlYq4wzzvddVRRJTDbcp6c=,Voc9b/TgHyVBEauZxF8ZzVZ3v5A=
-52,-51,abvm1QlYq4wzzvddVRRJTDbcp6c=,Voc9b/TgHyVBEauZxF8ZzVZ3v5A=
-53,-51,abvm1QlYq4wzzvddVRRJTDbcp6c=,Voc9b/TgHyVBEauZxF8ZzVZ3v5A=
-54,-51,abvm1QlYq4wzzvddVRRJTDbcp6c=,Voc9b/TgHyVBEauZxF8ZzVZ3v5A=
-55,-51,abvm1QlYq4wzzvddVRRJTDbcp6c=,Voc9b/TgHyVBEauZxF8ZzVZ3v5A=
-55,-61,abvm1QlYq4wzzvddVRRJTDbcp6c=,Voc9b/TgHyVBEauZxF8ZzVZ3v5A=
-63,-63,abvm1QlYq4wzzvddVRRJTDbcp6c=,Voc9b/TgHyVBEauZxF8ZzVZ3v5A=
-58,-51,abvm1QlYq4wzzvddVRRJTDbcp6c=,Voc9b/TgHyVBEauZxF8ZzVZ3v5A=
-57,-64,abvm1QlYq4wzzvddVRRJTDbcp6c=,Voc9b/TgHyVBEauZxF8ZzVZ3v5A=
-57,-51,abvm1QlYq4wzzvddVRRJTDbcp6c=,Voc9b/TgHyVBEauZxF8ZzVZ3v5A=
-53,-59,abvm1QlYq4wzzvddVRRJTDbcp6c=,Voc9b/TgHyVBEauZxF8ZzVZ3v5A=
-64,-63,abvm1QlYq4wzzvddVRRJTDbcp6c=,Voc9b/TgHyVBEauZxF8ZzVZ3v5A=
-49,-64,abvm1QlYq4wzzvddVRRJTDbcp6c=,Voc9b/TgHyVBEauZxF8ZzVZ3v5A=
-52,-59,abvm1QlYq4wzzvddVRRJTDbcp6c=,Voc9b/TgHyVBEauZxF8ZzVZ3v5A=
-60,-51,abvm1QlYq4wzzvddVRRJTDbcp6c=,Voc9b/TgHyVBEauZxF8ZzVZ3v5A=
-63,-64,abvm1QlYq4wzzvddVRRJTDbcp6c=,Voc9b/TgHyVBEauZxF8ZzVZ3v5A=
-59,-51,abvm1QlYq4wzzvddVRRJTDbcp6c=,Voc9b/TgHyVBEauZxF8ZzVZ3v5A=
-62,-51,abvm1QlYq4wzzvddVRRJTDbcp6c=,Voc9b/TgHyVBEauZxF8ZzVZ3v5A=
-61,-51,abvm1QlYq4wzzvddVRRJTDbcp6c=,Voc9b/TgHyVBEauZxF8ZzVZ3v5A=
-51,-59,abvm1QlYq4wzzvddVRRJTDbcp6c=,Voc9b/TgHyVBEauZxF8ZzVZ3v5A=
-49,-52,abvm1QlYq4wzzvddVRRJTDbcp6c=,Voc9b/TgHyVBEauZxF8ZzVZ3v5A=
-51,-63,abvm1QlYq4wzzvddVRRJTDbcp6c=,Voc9b/TgHyVBEauZxF8ZzVZ3v5A=
-50,-52,abvm1QlYq4wzzvddVRRJTDbcp6c=,Voc9b/TgHyVBEauZxF8ZzVZ3v5A=
-51,-52,abvm1QlYq4wzzvddVRRJTDbcp6c=,Voc9b/TgHyVBEauZxF8ZzVZ3v5A=
-52,-52,abvm1QlYq4wzzvddVRRJTDbcp6c=,Voc9b/TgHyVBEauZxF8ZzVZ3v5A=
-53,-52,abvm1QlYq4wzzvddVRRJTDbcp6c=,Voc9b/TgHyVBEauZxF8ZzVZ3v5A=
-54,-52,abvm1QlYq4wzzvddVRRJTDbcp6c=,Voc9b/TgHyVBEauZxF8ZzVZ3v5A=
-55,-52,abvm1QlYq4wzzvddVRRJTDbcp6c=,Voc9b/TgHyVBEauZxF8ZzVZ3v5A=
-56,-61,abvm1QlYq4wzzvddVRRJTDbcp6c=,Voc9b/TgHyVBEauZxF8ZzVZ3v5A=
-50,-59,abvm1QlYq4wzzvddVRRJTDbcp6c=,Voc9b/TgHyVBEauZxF8ZzVZ3v5A=
-56,-52,abvm1QlYq4wzzvddVRRJTDbcp6c=,Voc9b/TgHyVBEauZxF8ZzVZ3v5A=
-64,-51,abvm1QlYq4wzzvddVRRJTDbcp6c=,Voc9b/TgHyVBEauZxF8ZzVZ3v5A=
-52,-63,abvm1QlYq4wzzvddVRRJTDbcp6c=,Voc9b/TgHyVBEauZxF8ZzVZ3v5A=
-56,-51,abvm1QlYq4wzzvddVRRJTDbcp6c=,Voc9b/TgHyVBEauZxF8ZzVZ3v5A=
-63,-51,abvm1QlYq4wzzvddVRRJTDbcp6c=,Voc9b/TgHyVBEauZxF8ZzVZ3v5A=
-49,-59,abvm1QlYq4wzzvddVRRJTDbcp6c=,Voc9b/TgHyVBEauZxF8ZzVZ3v5A=
-57,-52,abvm1QlYq4wzzvddVRRJTDbcp6c=,Voc9b/TgHyVBEauZxF8ZzVZ3v5A=
-60,-52,abvm1QlYq4wzzvddVRRJTDbcp6c=,Voc9b/TgHyVBEauZxF8ZzVZ3v5A=
-57,-61,abvm1QlYq4wzzvddVRRJTDbcp6c=,Voc9b/TgHyVBEauZxF8ZzVZ3v5A=
-49,-53,abvm1QlYq4wzzvddVRRJTDbcp6c=,Voc9b/TgHyVBEauZxF8ZzVZ3v5A=
-50,-53,abvm1QlYq4wzzvddVRRJTDbcp6c=,Voc9b/TgHyVBEauZxF8ZzVZ3v5A=
-51,-53,abvm1QlYq4wzzvddVRRJTDbcp6c=,Voc9b/TgHyVBEauZxF8ZzVZ3v5A=
-52,-53,abvm1QlYq4wzzvddVRRJTDbcp6c=,Voc9b/TgHyVBEauZxF8ZzVZ3v5A=
-53,-53,abvm1QlYq4wzzvddVRRJTDbcp6c=,Voc9b/TgHyVBEauZxF8ZzVZ3v5A=
-54,-53,abvm1QlYq4wzzvddVRRJTDbcp6c=,Voc9b/TgHyVBEauZxF8ZzVZ3v5A=
-55,-53,abvm1QlYq4wzzvddVRRJTDbcp6c=,Voc9b/TgHyVBEauZxF8ZzVZ3v5A=
-56,-53,abvm1QlYq4wzzvddVRRJTDbcp6c=,Voc9b/TgHyVBEauZxF8ZzVZ3v5A=
-57,-53,abvm1QlYq4wzzvddVRRJTDbcp6c=,Voc9b/TgHyVBEauZxF8ZzVZ3v5A=
-50,-64,abvm1QlYq4wzzvddVRRJTDbcp6c=,Voc9b/TgHyVBEauZxF8ZzVZ3v5A=
-61,-52,abvm1QlYq4wzzvddVRRJTDbcp6c=,Voc9b/TgHyVBEauZxF8ZzVZ3v5A=
-58,-52,abvm1QlYq4wzzvddVRRJTDbcp6c=,Voc9b/TgHyVBEauZxF8ZzVZ3v5A=
-64,-52,abvm1QlYq4wzzvddVRRJTDbcp6c=,Voc9b/TgHyVBEauZxF8ZzVZ3v5A=
-59,-52,abvm1QlYq4wzzvddVRRJTDbcp6c=,Voc9b/TgHyVBEauZxF8ZzVZ3v5A=
-62,-53,abvm1QlYq4wzzvddVRRJTDbcp6c=,Voc9b/TgHyVBEauZxF8ZzVZ3v5A=
-62,-52,abvm1QlYq4wzzvddVRRJTDbcp6c=,Voc9b/TgHyVBEauZxF8ZzVZ3v5A=
-49,-54,abvm1QlYq4wzzvddVRRJTDbcp6c=,Voc9b/TgHyVBEauZxF8ZzVZ3v5A=
-50,-54,abvm1QlYq4wzzvddVRRJTDbcp6c=,Voc9b/TgHyVBEauZxF8ZzVZ3v5A=
-52,-54,abvm1QlYq4wzzvddVRRJTDbcp6c=,Voc9b/TgHyVBEauZxF8ZzVZ3v5A=
-51,-54,abvm1QlYq4wzzvddVRRJTDbcp6c=,Voc9b/TgHyVBEauZxF8ZzVZ3v5A=
-53,-54,abvm1QlYq4wzzvddVRRJTDbcp6c=,Voc9b/TgHyVBEauZxF8ZzVZ3v5A=
-54,-54,abvm1QlYq4wzzvddVRRJTDbcp6c=,Voc9b/TgHyVBEauZxF8ZzVZ3v5A=
-55,-54,abvm1QlYq4wzzvddVRRJTDbcp6c=,Voc9b/TgHyVBEauZxF8ZzVZ3v5A=
-56,-54,abvm1QlYq4wzzvddVRRJTDbcp6c=,Voc9b/TgHyVBEauZxF8ZzVZ3v5A=
-57,-54,abvm1QlYq4wzzvddVRRJTDbcp6c=,Voc9b/TgHyVBEauZxF8ZzVZ3v5A=
-58,-54,abvm1QlYq4wzzvddVRRJTDbcp6c=,Voc9b/TgHyVBEauZxF8ZzVZ3v5A=
-59,-63,abvm1QlYq4wzzvddVRRJTDbcp6c=,Voc9b/TgHyVBEauZxF8ZzVZ3v5A=
-63,-52,abvm1QlYq4wzzvddVRRJTDbcp6c=,Voc9b/TgHyVBEauZxF8ZzVZ3v5A=
-64,-58,abvm1QlYq4wzzvddVRRJTDbcp6c=,Voc9b/TgHyVBEauZxF8ZzVZ3v5A=
-63,-58,abvm1QlYq4wzzvddVRRJTDbcp6c=,Voc9b/TgHyVBEauZxF8ZzVZ3v5A=
-62,-58,abvm1QlYq4wzzvddVRRJTDbcp6c=,Voc9b/TgHyVBEauZxF8ZzVZ3v5A=
-61,-58,abvm1QlYq4wzzvddVRRJTDbcp6c=,Voc9b/TgHyVBEauZxF8ZzVZ3v5A=
-60,-58,abvm1QlYq4wzzvddVRRJTDbcp6c=,Voc9b/TgHyVBEauZxF8ZzVZ3v5A=
-58,-58,abvm1QlYq4wzzvddVRRJTDbcp6c=,Voc9b/TgHyVBEauZxF8ZzVZ3v5A=
-59,-58,abvm1QlYq4wzzvddVRRJTDbcp6c=,Voc9b/TgHyVBEauZxF8ZzVZ3v5A=
-57,-58,abvm1QlYq4wzzvddVRRJTDbcp6c=,Voc9b/TgHyVBEauZxF8ZzVZ3v5A=
-56,-58,abvm1QlYq4wzzvddVRRJTDbcp6c=,Voc9b/TgHyVBEauZxF8ZzVZ3v5A=
-55,-58,abvm1QlYq4wzzvddVRRJTDbcp6c=,Voc9b/TgHyVBEauZxF8ZzVZ3v5A=
-58,-53,abvm1QlYq4wzzvddVRRJTDbcp6c=,Voc9b/TgHyVBEauZxF8ZzVZ3v5A=
-59,-54,abvm1QlYq4wzzvddVRRJTDbcp6c=,Voc9b/TgHyVBEauZxF8ZzVZ3v5A=
-63,-53,abvm1QlYq4wzzvddVRRJTDbcp6c=,Voc9b/TgHyVBEauZxF8ZzVZ3v5A=
-64,-53,abvm1QlYq4wzzvddVRRJTDbcp6c=,Voc9b/TgHyVBEauZxF8ZzVZ3v5A=
-62,-54,abvm1QlYq4wzzvddVRRJTDbcp6c=,Voc9b/TgHyVBEauZxF8ZzVZ3v5A=
-53,-63,abvm1QlYq4wzzvddVRRJTDbcp6c=,Voc9b/TgHyVBEauZxF8ZzVZ3v5A=
-51,-64,abvm1QlYq4wzzvddVRRJTDbcp6c=,Voc9b/TgHyVBEauZxF8ZzVZ3v5A=
-49,-55,abvm1QlYq4wzzvddVRRJTDbcp6c=,Voc9b/TgHyVBEauZxF8ZzVZ3v5A=
-50,-55,abvm1QlYq4wzzvddVRRJTDbcp6c=,Voc9b/TgHyVBEauZxF8ZzVZ3v5A=
-51,-55,abvm1QlYq4wzzvddVRRJTDbcp6c=,Voc9b/TgHyVBEauZxF8ZzVZ3v5A=
-53,-55,abvm1QlYq4wzzvddVRRJTDbcp6c=,Voc9b/TgHyVBEauZxF8ZzVZ3v5A=
-52,-55,abvm1QlYq4wzzvddVRRJTDbcp6c=,Voc9b/TgHyVBEauZxF8ZzVZ3v5A=
-54,-55,abvm1QlYq4wzzvddVRRJTDbcp6c=,Voc9b/TgHyVBEauZxF8ZzVZ3v5A=
-55,-55,abvm1QlYq4wzzvddVRRJTDbcp6c=,Voc9b/TgHyVBEauZxF8ZzVZ3v5A=
-56,-55,abvm1QlYq4wzzvddVRRJTDbcp6c=,Voc9b/TgHyVBEauZxF8ZzVZ3v5A=
-57,-55,abvm1QlYq4wzzvddVRRJTDbcp6c=,Voc9b/TgHyVBEauZxF8ZzVZ3v5A=
-61,-53,abvm1QlYq4wzzvddVRRJTDbcp6c=,Voc9b/TgHyVBEauZxF8ZzVZ3v5A=
-60,-53,abvm1QlYq4wzzvddVRRJTDbcp6c=,Voc9b/TgHyVBEauZxF8ZzVZ3v5A=
-63,-54,abvm1QlYq4wzzvddVRRJTDbcp6c=,Voc9b/TgHyVBEauZxF8ZzVZ3v5A=
-58,-55,abvm1QlYq4wzzvddVRRJTDbcp6c=,Voc9b/TgHyVBEauZxF8ZzVZ3v5A=
-59,-55,abvm1QlYq4wzzvddVRRJTDbcp6c=,Voc9b/TgHyVBEauZxF8ZzVZ3v5A=
-59,-53,abvm1QlYq4wzzvddVRRJTDbcp6c=,Voc9b/TgHyVBEauZxF8ZzVZ3v5A=
-58,-61,abvm1QlYq4wzzvddVRRJTDbcp6c=,Voc9b/TgHyVBEauZxF8ZzVZ3v5A=
-52,-64,abvm1QlYq4wzzvddVRRJTDbcp6c=,Voc9b/TgHyVBEauZxF8ZzVZ3v5A=
-60,-55,abvm1QlYq4wzzvddVRRJTDbcp6c=,Voc9b/TgHyVBEauZxF8ZzVZ3v5A=
-62,-55,abvm1QlYq4wzzvddVRRJTDbcp6c=,Voc9b/TgHyVBEauZxF8ZzVZ3v5A=
-50,-56,abvm1QlYq4wzzvddVRRJTDbcp6c=,Voc9b/TgHyVBEauZxF8ZzVZ3v5A=
-49,-56,abvm1QlYq4wzzvddVRRJTDbcp6c=,Voc9b/TgHyVBEauZxF8ZzVZ3v5A=
-51,-56,abvm1QlYq4wzzvddVRRJTDbcp6c=,Voc9b/TgHyVBEauZxF8ZzVZ3v5A=
-52,-56,abvm1QlYq4wzzvddVRRJTDbcp6c=,Voc9b/TgHyVBEauZxF8ZzVZ3v5A=
-53,-56,abvm1QlYq4wzzvddVRRJTDbcp6c=,Voc9b/TgHyVBEauZxF8ZzVZ3v5A=
-55,-56,abvm1QlYq4wzzvddVRRJTDbcp6c=,Voc9b/TgHyVBEauZxF8ZzVZ3v5A=
-54,-56,abvm1QlYq4wzzvddVRRJTDbcp6c=,Voc9b/TgHyVBEauZxF8ZzVZ3v5A=
-56,-56,abvm1QlYq4wzzvddVRRJTDbcp6c=,Voc9b/TgHyVBEauZxF8ZzVZ3v5A=
-54,-63,abvm1QlYq4wzzvddVRRJTDbcp6c=,Voc9b/TgHyVBEauZxF8ZzVZ3v5A=
-61,-55,abvm1QlYq4wzzvddVRRJTDbcp6c=,Voc9b/TgHyVBEauZxF8ZzVZ3v5A=
-57,-56,abvm1QlYq4wzzvddVRRJTDbcp6c=,Voc9b/TgHyVBEauZxF8ZzVZ3v5A=
-58,-56,abvm1QlYq4wzzvddVRRJTDbcp6c=,Voc9b/TgHyVBEauZxF8ZzVZ3v5A=
-59,-56,abvm1QlYq4wzzvddVRRJTDbcp6c=,Voc9b/TgHyVBEauZxF8ZzVZ3v5A=
-60,-56,abvm1QlYq4wzzvddVRRJTDbcp6c=,Voc9b/TgHyVBEauZxF8ZzVZ3v5A=
-60,-54,abvm1QlYq4wzzvddVRRJTDbcp6c=,Voc9b/TgHyVBEauZxF8ZzVZ3v5A=
-63,-55,abvm1QlYq4wzzvddVRRJTDbcp6c=,Voc9b/TgHyVBEauZxF8ZzVZ3v5A=
-64,-54,abvm1QlYq4wzzvddVRRJTDbcp6c=,Voc9b/TgHyVBEauZxF8ZzVZ3v5A=
-55,-63,abvm1QlYq4wzzvddVRRJTDbcp6c=,Voc9b/TgHyVBEauZxF8ZzVZ3v5A=
-63,-61,abvm1QlYq4wzzvddVRRJTDbcp6c=,Voc9b/TgHyVBEauZxF8ZzVZ3v5A=
-61,-56,abvm1QlYq4wzzvddVRRJTDbcp6c=,Voc9b/TgHyVBEauZxF8ZzVZ3v5A=
-49,-57,abvm1QlYq4wzzvddVRRJTDbcp6c=,Voc9b/TgHyVBEauZxF8ZzVZ3v5A=
-50,-57,abvm1QlYq4wzzvddVRRJTDbcp6c=,Voc9b/TgHyVBEauZxF8ZzVZ3v5A=
-51,-57,abvm1QlYq4wzzvddVRRJTDbcp6c=,Voc9b/TgHyVBEauZxF8ZzVZ3v5A=
-52,-57,abvm1QlYq4wzzvddVRRJTDbcp6c=,Voc9b/TgHyVBEauZxF8ZzVZ3v5A=
-53,-64,abvm1QlYq4wzzvddVRRJTDbcp6c=,Voc9b/TgHyVBEauZxF8ZzVZ3v5A=
-53,-57,abvm1QlYq4wzzvddVRRJTDbcp6c=,Voc9b/TgHyVBEauZxF8ZzVZ3v5A=
-54,-57,abvm1QlYq4wzzvddVRRJTDbcp6c=,Voc9b/TgHyVBEauZxF8ZzVZ3v5A=
-55,-57,abvm1QlYq4wzzvddVRRJTDbcp6c=,Voc9b/TgHyVBEauZxF8ZzVZ3v5A=
-63,-56,abvm1QlYq4wzzvddVRRJTDbcp6c=,Voc9b/TgHyVBEauZxF8ZzVZ3v5A=
-56,-57,abvm1QlYq4wzzvddVRRJTDbcp6c=,Voc9b/TgHyVBEauZxF8ZzVZ3v5A=
-57,-57,abvm1QlYq4wzzvddVRRJTDbcp6c=,Voc9b/TgHyVBEauZxF8ZzVZ3v5A=
-58,-57,abvm1QlYq4wzzvddVRRJTDbcp6c=,Voc9b/TgHyVBEauZxF8ZzVZ3v5A=
-59,-57,abvm1QlYq4wzzvddVRRJTDbcp6c=,Voc9b/TgHyVBEauZxF8ZzVZ3v5A=
-60,-57,abvm1QlYq4wzzvddVRRJTDbcp6c=,Voc9b/TgHyVBEauZxF8ZzVZ3v5A=
-61,-57,abvm1QlYq4wzzvddVRRJTDbcp6c=,Voc9b/TgHyVBEauZxF8ZzVZ3v5A=
-62,-57,abvm1QlYq4wzzvddVRRJTDbcp6c=,Voc9b/TgHyVBEauZxF8ZzVZ3v5A=
-63,-57,abvm1QlYq4wzzvddVRRJTDbcp6c=,Voc9b/TgHyVBEauZxF8ZzVZ3v5A=
-64,-57,abvm1QlYq4wzzvddVRRJTDbcp6c=,Voc9b/TgHyVBEauZxF8ZzVZ3v5A=
-61,-54,abvm1QlYq4wzzvddVRRJTDbcp6c=,Voc9b/TgHyVBEauZxF8ZzVZ3v5A=
-49,-58,abvm1QlYq4wzzvddVRRJTDbcp6c=,Voc9b/TgHyVBEauZxF8ZzVZ3v5A=
-50,-58,abvm1QlYq4wzzvddVRRJTDbcp6c=,Voc9b/TgHyVBEauZxF8ZzVZ3v5A=
-51,-58,abvm1QlYq4wzzvddVRRJTDbcp6c=,Voc9b/TgHyVBEauZxF8ZzVZ3v5A=
-52,-58,abvm1QlYq4wzzvddVRRJTDbcp6c=,Voc9b/TgHyVBEauZxF8ZzVZ3v5A=
-53,-58,abvm1QlYq4wzzvddVRRJTDbcp6c=,Voc9b/TgHyVBEauZxF8ZzVZ3v5A=
-54,-58,abvm1QlYq4wzzvddVRRJTDbcp6c=,Voc9b/TgHyVBEauZxF8ZzVZ3v5A=
-64,-56,abvm1QlYq4wzzvddVRRJTDbcp6c=,Voc9b/TgHyVBEauZxF8ZzVZ3v5A=
-62,-56,abvm1QlYq4wzzvddVRRJTDbcp6c=,Voc9b/TgHyVBEauZxF8ZzVZ3v5A=
-64,-55,abvm1QlYq4wzzvddVRRJTDbcp6c=,Voc9b/TgHyVBEauZxF8ZzVZ3v5A=
-59,-61,abvm1QlYq4wzzvddVRRJTDbcp6c=,Voc9b/TgHyVBEauZxF8ZzVZ3v5A=
-56,-63,abvm1QlYq4wzzvddVRRJTDbcp6c=,Voc9b/TgHyVBEauZxF8ZzVZ3v5A=
-54,-64,abvm1QlYq4wzzvddVRRJTDbcp6c=,Voc9b/TgHyVBEauZxF8ZzVZ3v5A=
-55,-64,abvm1QlYq4wzzvddVRRJTDbcp6c=,Voc9b/TgHyVBEauZxF8ZzVZ3v5A=
-57,-63,abvm1QlYq4wzzvddVRRJTDbcp6c=,Voc9b/TgHyVBEauZxF8ZzVZ3v5A=
-60,-61,abvm1QlYq4wzzvddVRRJTDbcp6c=,Voc9b/TgHyVBEauZxF8ZzVZ3v5A=
-61,-61,abvm1QlYq4wzzvddVRRJTDbcp6c=,Voc9b/TgHyVBEauZxF8ZzVZ3v5A=
-56,-64,abvm1QlYq4wzzvddVRRJTDbcp6c=,Voc9b/TgHyVBEauZxF8ZzVZ3v5A=
-58,-63,abvm1QlYq4wzzvddVRRJTDbcp6c=,Voc9b/TgHyVBEauZxF8ZzVZ3v5A=
-62,-61,abvm1QlYq4wzzvddVRRJTDbcp6c=,Voc9b/TgHyVBEauZxF8ZzVZ3v5A=
-61,-48,ENOTYTDdYBLHPwLuXOGO5cdDerY=,mXalm0jVbf/FNEujm2yWKAV8vX0=
-49,-47,ENOTYTDdYBLHPwLuXOGO5cdDerY=,mXalm0jVbf/FNEujm2yWKAV8vX0=
-52,-45,ENOTYTDdYBLHPwLuXOGO5cdDerY=,mXalm0jVbf/FNEujm2yWKAV8vX0=
-51,-46,ENOTYTDdYBLHPwLuXOGO5cdDerY=,mXalm0jVbf/FNEujm2yWKAV8vX0=
-56,-46,ENOTYTDdYBLHPwLuXOGO5cdDerY=,mXalm0jVbf/FNEujm2yWKAV8vX0=
-49,-33,ENOTYTDdYBLHPwLuXOGO5cdDerY=,mXalm0jVbf/FNEujm2yWKAV8vX0=
-57,-46,ENOTYTDdYBLHPwLuXOGO5cdDerY=,mXalm0jVbf/FNEujm2yWKAV8vX0=
-50,-46,pfapF9SKnh1zp7hao/0C3svfZ3U=,mXalm0jVbf/FNEujm2yWKAV8vX0=
-55,-46,pfapF9SKnh1zp7hao/0C3svfZ3U=,mXalm0jVbf/FNEujm2yWKAV8vX0=
-60,-48,pfapF9SKnh1zp7hao/0C3svfZ3U=,mXalm0jVbf/FNEujm2yWKAV8vX0=
-54,-46,pfapF9SKnh1zp7hao/0C3svfZ3U=,mXalm0jVbf/FNEujm2yWKAV8vX0=
-59,-46,pfapF9SKnh1zp7hao/0C3svfZ3U=,mXalm0jVbf/FNEujm2yWKAV8vX0=
-58,-46,pfapF9SKnh1zp7hao/0C3svfZ3U=,mXalm0jVbf/FNEujm2yWKAV8vX0=
-60,-46,pfapF9SKnh1zp7hao/0C3svfZ3U=,mXalm0jVbf/FNEujm2yWKAV8vX0=
-52,-46,pfapF9SKnh1zp7hao/0C3svfZ3U=,mXalm0jVbf/FNEujm2yWKAV8vX0=
-61,-46,pfapF9SKnh1zp7hao/0C3svfZ3U=,mXalm0jVbf/FNEujm2yWKAV8vX0=
-62,-46,pfapF9SKnh1zp7hao/0C3svfZ3U=,mXalm0jVbf/FNEujm2yWKAV8vX0=
-63,-46,pfapF9SKnh1zp7hao/0C3svfZ3U=,mXalm0jVbf/FNEujm2yWKAV8vX0=
-53,-46,pfapF9SKnh1zp7hao/0C3svfZ3U=,mXalm0jVbf/FNEujm2yWKAV8vX0=
-64,-46,pfapF9SKnh1zp7hao/0C3svfZ3U=,mXalm0jVbf/FNEujm2yWKAV8vX0=
-59,-33,pfapF9SKnh1zp7hao/0C3svfZ3U=,mXalm0jVbf/FNEujm2yWKAV8vX0=
-57,-33,pfapF9SKnh1zp7hao/0C3svfZ3U=,mXalm0jVbf/FNEujm2yWKAV8vX0=
-58,-33,pfapF9SKnh1zp7hao/0C3svfZ3U=,mXalm0jVbf/FNEujm2yWKAV8vX0=
-51,-45,pfapF9SKnh1zp7hao/0C3svfZ3U=,mXalm0jVbf/FNEujm2yWKAV8vX0=
-54,-33,pfapF9SKnh1zp7hao/0C3svfZ3U=,mXalm0jVbf/FNEujm2yWKAV8vX0=
-55,-33,pfapF9SKnh1zp7hao/0C3svfZ3U=,mXalm0jVbf/FNEujm2yWKAV8vX0=
-53,-45,pfapF9SKnh1zp7hao/0C3svfZ3U=,mXalm0jVbf/FNEujm2yWKAV8vX0=
-62,-33,pfapF9SKnh1zp7hao/0C3svfZ3U=,mXalm0jVbf/FNEujm2yWKAV8vX0=
-63,-33,pfapF9SKnh1zp7hao/0C3svfZ3U=,mXalm0jVbf/FNEujm2yWKAV8vX0=
-64,-33,pfapF9SKnh1zp7hao/0C3svfZ3U=,mXalm0jVbf/FNEujm2yWKAV8vX0=
-50,-47,pfapF9SKnh1zp7hao/0C3svfZ3U=,mXalm0jVbf/FNEujm2yWKAV8vX0=
-60,-33,pfapF9SKnh1zp7hao/0C3svfZ3U=,mXalm0jVbf/FNEujm2yWKAV8vX0=
-50,-33,pfapF9SKnh1zp7hao/0C3svfZ3U=,mXalm0jVbf/FNEujm2yWKAV8vX0=
-62,-48,pfapF9SKnh1zp7hao/0C3svfZ3U=,mXalm0jVbf/FNEujm2yWKAV8vX0=
-53,-33,pfapF9SKnh1zp7hao/0C3svfZ3U=,mXalm0jVbf/FNEujm2yWKAV8vX0=
-51,-33,pfapF9SKnh1zp7hao/0C3svfZ3U=,mXalm0jVbf/FNEujm2yWKAV8vX0=
-56,-33,pfapF9SKnh1zp7hao/0C3svfZ3U=,mXalm0jVbf/FNEujm2yWKAV8vX0=
-50,-45,pfapF9SKnh1zp7hao/0C3svfZ3U=,mXalm0jVbf/FNEujm2yWKAV8vX0=
-59,-48,pfapF9SKnh1zp7hao/0C3svfZ3U=,mXalm0jVbf/FNEujm2yWKAV8vX0=
-49,-45,pfapF9SKnh1zp7hao/0C3svfZ3U=,mXalm0jVbf/FNEujm2yWKAV8vX0=
-56,-34,pfapF9SKnh1zp7hao/0C3svfZ3U=,mXalm0jVbf/FNEujm2yWKAV8vX0=
-61,-33,pfapF9SKnh1zp7hao/0C3svfZ3U=,mXalm0jVbf/FNEujm2yWKAV8vX0=
-62,-47,pfapF9SKnh1zp7hao/0C3svfZ3U=,mXalm0jVbf/FNEujm2yWKAV8vX0=
-64,-44,pfapF9SKnh1zp7hao/0C3svfZ3U=,mXalm0jVbf/FNEujm2yWKAV8vX0=
-63,-44,pfapF9SKnh1zp7hao/0C3svfZ3U=,mXalm0jVbf/FNEujm2yWKAV8vX0=
-54,-34,pfapF9SKnh1zp7hao/0C3svfZ3U=,mXalm0jVbf/FNEujm2yWKAV8vX0=
-62,-44,pfapF9SKnh1zp7hao/0C3svfZ3U=,mXalm0jVbf/FNEujm2yWKAV8vX0=
-54,-45,pfapF9SKnh1zp7hao/0C3svfZ3U=,mXalm0jVbf/FNEujm2yWKAV8vX0=
-55,-34,pfapF9SKnh1zp7hao/0C3svfZ3U=,mXalm0jVbf/FNEujm2yWKAV8vX0=
-62,-34,pfapF9SKnh1zp7hao/0C3svfZ3U=,mXalm0jVbf/FNEujm2yWKAV8vX0=
-58,-34,pfapF9SKnh1zp7hao/0C3svfZ3U=,mXalm0jVbf/FNEujm2yWKAV8vX0=
-49,-34,pfapF9SKnh1zp7hao/0C3svfZ3U=,mXalm0jVbf/FNEujm2yWKAV8vX0=
-53,-34,pfapF9SKnh1zp7hao/0C3svfZ3U=,mXalm0jVbf/FNEujm2yWKAV8vX0=
-63,-34,pfapF9SKnh1zp7hao/0C3svfZ3U=,mXalm0jVbf/FNEujm2yWKAV8vX0=
-61,-44,pfapF9SKnh1zp7hao/0C3svfZ3U=,mXalm0jVbf/FNEujm2yWKAV8vX0=
-64,-34,pfapF9SKnh1zp7hao/0C3svfZ3U=,mXalm0jVbf/FNEujm2yWKAV8vX0=
-57,-34,pfapF9SKnh1zp7hao/0C3svfZ3U=,mXalm0jVbf/FNEujm2yWKAV8vX0=
-59,-34,pfapF9SKnh1zp7hao/0C3svfZ3U=,mXalm0jVbf/FNEujm2yWKAV8vX0=
-50,-34,pfapF9SKnh1zp7hao/0C3svfZ3U=,mXalm0jVbf/FNEujm2yWKAV8vX0=
-60,-34,pfapF9SKnh1zp7hao/0C3svfZ3U=,mXalm0jVbf/FNEujm2yWKAV8vX0=
-51,-34,pfapF9SKnh1zp7hao/0C3svfZ3U=,mXalm0jVbf/FNEujm2yWKAV8vX0=
-64,-47,pfapF9SKnh1zp7hao/0C3svfZ3U=,mXalm0jVbf/FNEujm2yWKAV8vX0=
-63,-47,pfapF9SKnh1zp7hao/0C3svfZ3U=,mXalm0jVbf/FNEujm2yWKAV8vX0=
-52,-34,pfapF9SKnh1zp7hao/0C3svfZ3U=,mXalm0jVbf/FNEujm2yWKAV8vX0=
-63,-48,pfapF9SKnh1zp7hao/0C3svfZ3U=,mXalm0jVbf/FNEujm2yWKAV8vX0=
-60,-44,pfapF9SKnh1zp7hao/0C3svfZ3U=,mXalm0jVbf/FNEujm2yWKAV8vX0=
-55,-45,pfapF9SKnh1zp7hao/0C3svfZ3U=,mXalm0jVbf/FNEujm2yWKAV8vX0=
-64,-48,pfapF9SKnh1zp7hao/0C3svfZ3U=,mXalm0jVbf/FNEujm2yWKAV8vX0=
-59,-44,pfapF9SKnh1zp7hao/0C3svfZ3U=,mXalm0jVbf/FNEujm2yWKAV8vX0=
-58,-44,pfapF9SKnh1zp7hao/0C3svfZ3U=,mXalm0jVbf/FNEujm2yWKAV8vX0=
-57,-35,pfapF9SKnh1zp7hao/0C3svfZ3U=,mXalm0jVbf/FNEujm2yWKAV8vX0=
-61,-34,pfapF9SKnh1zp7hao/0C3svfZ3U=,mXalm0jVbf/FNEujm2yWKAV8vX0=
-57,-44,pfapF9SKnh1zp7hao/0C3svfZ3U=,mXalm0jVbf/FNEujm2yWKAV8vX0=
-58,-35,pfapF9SKnh1zp7hao/0C3svfZ3U=,mXalm0jVbf/FNEujm2yWKAV8vX0=
-56,-35,pfapF9SKnh1zp7hao/0C3svfZ3U=,mXalm0jVbf/FNEujm2yWKAV8vX0=
-53,-35,pfapF9SKnh1zp7hao/0C3svfZ3U=,mXalm0jVbf/FNEujm2yWKAV8vX0=
-59,-35,pfapF9SKnh1zp7hao/0C3svfZ3U=,mXalm0jVbf/FNEujm2yWKAV8vX0=
-62,-35,pfapF9SKnh1zp7hao/0C3svfZ3U=,mXalm0jVbf/FNEujm2yWKAV8vX0=
-49,-48,pfapF9SKnh1zp7hao/0C3svfZ3U=,mXalm0jVbf/FNEujm2yWKAV8vX0=
-63,-35,pfapF9SKnh1zp7hao/0C3svfZ3U=,mXalm0jVbf/FNEujm2yWKAV8vX0=
-56,-44,pfapF9SKnh1zp7hao/0C3svfZ3U=,mXalm0jVbf/FNEujm2yWKAV8vX0=
-56,-45,pfapF9SKnh1zp7hao/0C3svfZ3U=,mXalm0jVbf/FNEujm2yWKAV8vX0=
-64,-35,pfapF9SKnh1zp7hao/0C3svfZ3U=,mXalm0jVbf/FNEujm2yWKAV8vX0=
-54,-35,pfapF9SKnh1zp7hao/0C3svfZ3U=,mXalm0jVbf/FNEujm2yWKAV8vX0=
-50,-35,pfapF9SKnh1zp7hao/0C3svfZ3U=,mXalm0jVbf/FNEujm2yWKAV8vX0=
-55,-35,pfapF9SKnh1zp7hao/0C3svfZ3U=,mXalm0jVbf/FNEujm2yWKAV8vX0=
-52,-35,pfapF9SKnh1zp7hao/0C3svfZ3U=,mXalm0jVbf/FNEujm2yWKAV8vX0=
-51,-47,pfapF9SKnh1zp7hao/0C3svfZ3U=,mXalm0jVbf/FNEujm2yWKAV8vX0=
-51,-35,pfapF9SKnh1zp7hao/0C3svfZ3U=,mXalm0jVbf/FNEujm2yWKAV8vX0=
-49,-35,pfapF9SKnh1zp7hao/0C3svfZ3U=,mXalm0jVbf/FNEujm2yWKAV8vX0=
-60,-35,pfapF9SKnh1zp7hao/0C3svfZ3U=,mXalm0jVbf/FNEujm2yWKAV8vX0=
-61,-35,pfapF9SKnh1zp7hao/0C3svfZ3U=,mXalm0jVbf/FNEujm2yWKAV8vX0=
-57,-36,pfapF9SKnh1zp7hao/0C3svfZ3U=,mXalm0jVbf/FNEujm2yWKAV8vX0=
-55,-44,pfapF9SKnh1zp7hao/0C3svfZ3U=,mXalm0jVbf/FNEujm2yWKAV8vX0=
-52,-47,pfapF9SKnh1zp7hao/0C3svfZ3U=,mXalm0jVbf/FNEujm2yWKAV8vX0=
-56,-36,pfapF9SKnh1zp7hao/0C3svfZ3U=,mXalm0jVbf/FNEujm2yWKAV8vX0=
-50,-48,pfapF9SKnh1zp7hao/0C3svfZ3U=,mXalm0jVbf/FNEujm2yWKAV8vX0=
-59,-36,pfapF9SKnh1zp7hao/0C3svfZ3U=,mXalm0jVbf/FNEujm2yWKAV8vX0=
-54,-36,pfapF9SKnh1zp7hao/0C3svfZ3U=,mXalm0jVbf/FNEujm2yWKAV8vX0=
-62,-36,pfapF9SKnh1zp7hao/0C3svfZ3U=,mXalm0jVbf/FNEujm2yWKAV8vX0=
-63,-36,pfapF9SKnh1zp7hao/0C3svfZ3U=,mXalm0jVbf/FNEujm2yWKAV8vX0=
-57,-45,pfapF9SKnh1zp7hao/0C3svfZ3U=,mXalm0jVbf/FNEujm2yWKAV8vX0=
-64,-36,pfapF9SKnh1zp7hao/0C3svfZ3U=,mXalm0jVbf/FNEujm2yWKAV8vX0=
-49,-36,pfapF9SKnh1zp7hao/0C3svfZ3U=,mXalm0jVbf/FNEujm2yWKAV8vX0=
-55,-36,pfapF9SKnh1zp7hao/0C3svfZ3U=,mXalm0jVbf/FNEujm2yWKAV8vX0=
-51,-36,pfapF9SKnh1zp7hao/0C3svfZ3U=,mXalm0jVbf/FNEujm2yWKAV8vX0=
-53,-36,pfapF9SKnh1zp7hao/0C3svfZ3U=,mXalm0jVbf/FNEujm2yWKAV8vX0=
-58,-36,pfapF9SKnh1zp7hao/0C3svfZ3U=,mXalm0jVbf/FNEujm2yWKAV8vX0=
-50,-36,pfapF9SKnh1zp7hao/0C3svfZ3U=,mXalm0jVbf/FNEujm2yWKAV8vX0=
-53,-47,pfapF9SKnh1zp7hao/0C3svfZ3U=,mXalm0jVbf/FNEujm2yWKAV8vX0=
-52,-36,pfapF9SKnh1zp7hao/0C3svfZ3U=,mXalm0jVbf/FNEujm2yWKAV8vX0=
-61,-36,pfapF9SKnh1zp7hao/0C3svfZ3U=,mXalm0jVbf/FNEujm2yWKAV8vX0=
-60,-36,pfapF9SKnh1zp7hao/0C3svfZ3U=,mXalm0jVbf/FNEujm2yWKAV8vX0=
-59,-37,pfapF9SKnh1zp7hao/0C3svfZ3U=,mXalm0jVbf/FNEujm2yWKAV8vX0=
-51,-48,pfapF9SKnh1zp7hao/0C3svfZ3U=,mXalm0jVbf/FNEujm2yWKAV8vX0=
-58,-37,pfapF9SKnh1zp7hao/0C3svfZ3U=,mXalm0jVbf/FNEujm2yWKAV8vX0=
-58,-45,pfapF9SKnh1zp7hao/0C3svfZ3U=,mXalm0jVbf/FNEujm2yWKAV8vX0=
-57,-37,pfapF9SKnh1zp7hao/0C3svfZ3U=,mXalm0jVbf/FNEujm2yWKAV8vX0=
-62,-37,pfapF9SKnh1zp7hao/0C3svfZ3U=,mXalm0jVbf/FNEujm2yWKAV8vX0=
-54,-37,pfapF9SKnh1zp7hao/0C3svfZ3U=,mXalm0jVbf/FNEujm2yWKAV8vX0=
-63,-37,pfapF9SKnh1zp7hao/0C3svfZ3U=,mXalm0jVbf/FNEujm2yWKAV8vX0=
-64,-37,pfapF9SKnh1zp7hao/0C3svfZ3U=,mXalm0jVbf/FNEujm2yWKAV8vX0=
-54,-44,pfapF9SKnh1zp7hao/0C3svfZ3U=,mXalm0jVbf/FNEujm2yWKAV8vX0=
-54,-47,pfapF9SKnh1zp7hao/0C3svfZ3U=,mXalm0jVbf/FNEujm2yWKAV8vX0=
-60,-37,pfapF9SKnh1zp7hao/0C3svfZ3U=,mXalm0jVbf/FNEujm2yWKAV8vX0=
-55,-37,pfapF9SKnh1zp7hao/0C3svfZ3U=,mXalm0jVbf/FNEujm2yWKAV8vX0=
-61,-37,pfapF9SKnh1zp7hao/0C3svfZ3U=,mXalm0jVbf/FNEujm2yWKAV8vX0=
-49,-37,pfapF9SKnh1zp7hao/0C3svfZ3U=,mXalm0jVbf/FNEujm2yWKAV8vX0=
-53,-37,pfapF9SKnh1zp7hao/0C3svfZ3U=,mXalm0jVbf/FNEujm2yWKAV8vX0=
-52,-33,pfapF9SKnh1zp7hao/0C3svfZ3U=,mXalm0jVbf/FNEujm2yWKAV8vX0=
-52,-37,pfapF9SKnh1zp7hao/0C3svfZ3U=,mXalm0jVbf/FNEujm2yWKAV8vX0=
-57,-38,pfapF9SKnh1zp7hao/0C3svfZ3U=,mXalm0jVbf/FNEujm2yWKAV8vX0=
-50,-37,pfapF9SKnh1zp7hao/0C3svfZ3U=,mXalm0jVbf/FNEujm2yWKAV8vX0=
-58,-38,pfapF9SKnh1zp7hao/0C3svfZ3U=,mXalm0jVbf/FNEujm2yWKAV8vX0=
-52,-48,pfapF9SKnh1zp7hao/0C3svfZ3U=,mXalm0jVbf/FNEujm2yWKAV8vX0=
-59,-45,pfapF9SKnh1zp7hao/0C3svfZ3U=,mXalm0jVbf/FNEujm2yWKAV8vX0=
-53,-38,pfapF9SKnh1zp7hao/0C3svfZ3U=,mXalm0jVbf/FNEujm2yWKAV8vX0=
-51,-37,pfapF9SKnh1zp7hao/0C3svfZ3U=,mXalm0jVbf/FNEujm2yWKAV8vX0=
-52,-38,pfapF9SKnh1zp7hao/0C3svfZ3U=,mXalm0jVbf/FNEujm2yWKAV8vX0=
-59,-38,pfapF9SKnh1zp7hao/0C3svfZ3U=,mXalm0jVbf/FNEujm2yWKAV8vX0=
-51,-38,pfapF9SKnh1zp7hao/0C3svfZ3U=,mXalm0jVbf/FNEujm2yWKAV8vX0=
-64,-38,pfapF9SKnh1zp7hao/0C3svfZ3U=,mXalm0jVbf/FNEujm2yWKAV8vX0=
-56,-37,pfapF9SKnh1zp7hao/0C3svfZ3U=,mXalm0jVbf/FNEujm2yWKAV8vX0=
-60,-38,pfapF9SKnh1zp7hao/0C3svfZ3U=,mXalm0jVbf/FNEujm2yWKAV8vX0=
-50,-38,pfapF9SKnh1zp7hao/0C3svfZ3U=,mXalm0jVbf/FNEujm2yWKAV8vX0=
-55,-47,pfapF9SKnh1zp7hao/0C3svfZ3U=,mXalm0jVbf/FNEujm2yWKAV8vX0=
-63,-38,pfapF9SKnh1zp7hao/0C3svfZ3U=,mXalm0jVbf/FNEujm2yWKAV8vX0=
-61,-38,pfapF9SKnh1zp7hao/0C3svfZ3U=,mXalm0jVbf/FNEujm2yWKAV8vX0=
-55,-38,pfapF9SKnh1zp7hao/0C3svfZ3U=,mXalm0jVbf/FNEujm2yWKAV8vX0=
-54,-38,pfapF9SKnh1zp7hao/0C3svfZ3U=,mXalm0jVbf/FNEujm2yWKAV8vX0=
-49,-39,pfapF9SKnh1zp7hao/0C3svfZ3U=,mXalm0jVbf/FNEujm2yWKAV8vX0=
-53,-48,pfapF9SKnh1zp7hao/0C3svfZ3U=,mXalm0jVbf/FNEujm2yWKAV8vX0=
-50,-39,pfapF9SKnh1zp7hao/0C3svfZ3U=,mXalm0jVbf/FNEujm2yWKAV8vX0=
-60,-45,pfapF9SKnh1zp7hao/0C3svfZ3U=,mXalm0jVbf/FNEujm2yWKAV8vX0=
-57,-39,pfapF9SKnh1zp7hao/0C3svfZ3U=,mXalm0jVbf/FNEujm2yWKAV8vX0=
-56,-38,pfapF9SKnh1zp7hao/0C3svfZ3U=,mXalm0jVbf/FNEujm2yWKAV8vX0=
-52,-39,pfapF9SKnh1zp7hao/0C3svfZ3U=,mXalm0jVbf/FNEujm2yWKAV8vX0=
-53,-39,pfapF9SKnh1zp7hao/0C3svfZ3U=,mXalm0jVbf/FNEujm2yWKAV8vX0=
-51,-39,pfapF9SKnh1zp7hao/0C3svfZ3U=,mXalm0jVbf/FNEujm2yWKAV8vX0=
-54,-39,pfapF9SKnh1zp7hao/0C3svfZ3U=,mXalm0jVbf/FNEujm2yWKAV8vX0=
-64,-39,pfapF9SKnh1zp7hao/0C3svfZ3U=,mXalm0jVbf/FNEujm2yWKAV8vX0=
-49,-40,pfapF9SKnh1zp7hao/0C3svfZ3U=,mXalm0jVbf/FNEujm2yWKAV8vX0=
-56,-47,pfapF9SKnh1zp7hao/0C3svfZ3U=,mXalm0jVbf/FNEujm2yWKAV8vX0=
-55,-39,pfapF9SKnh1zp7hao/0C3svfZ3U=,mXalm0jVbf/FNEujm2yWKAV8vX0=
-58,-39,pfapF9SKnh1zp7hao/0C3svfZ3U=,mXalm0jVbf/FNEujm2yWKAV8vX0=
-62,-38,pfapF9SKnh1zp7hao/0C3svfZ3U=,mXalm0jVbf/FNEujm2yWKAV8vX0=
-56,-39,pfapF9SKnh1zp7hao/0C3svfZ3U=,mXalm0jVbf/FNEujm2yWKAV8vX0=
-59,-39,pfapF9SKnh1zp7hao/0C3svfZ3U=,mXalm0jVbf/FNEujm2yWKAV8vX0=
-63,-39,pfapF9SKnh1zp7hao/0C3svfZ3U=,mXalm0jVbf/FNEujm2yWKAV8vX0=
-60,-39,pfapF9SKnh1zp7hao/0C3svfZ3U=,mXalm0jVbf/FNEujm2yWKAV8vX0=
-53,-44,pfapF9SKnh1zp7hao/0C3svfZ3U=,mXalm0jVbf/FNEujm2yWKAV8vX0=
-49,-46,pfapF9SKnh1zp7hao/0C3svfZ3U=,mXalm0jVbf/FNEujm2yWKAV8vX0=
-61,-39,pfapF9SKnh1zp7hao/0C3svfZ3U=,mXalm0jVbf/FNEujm2yWKAV8vX0=
-61,-45,pfapF9SKnh1zp7hao/0C3svfZ3U=,mXalm0jVbf/FNEujm2yWKAV8vX0=
-62,-39,pfapF9SKnh1zp7hao/0C3svfZ3U=,mXalm0jVbf/FNEujm2yWKAV8vX0=
-58,-48,pfapF9SKnh1zp7hao/0C3svfZ3U=,mXalm0jVbf/FNEujm2yWKAV8vX0=
-50,-40,pfapF9SKnh1zp7hao/0C3svfZ3U=,mXalm0jVbf/FNEujm2yWKAV8vX0=
-54,-48,pfapF9SKnh1zp7hao/0C3svfZ3U=,mXalm0jVbf/FNEujm2yWKAV8vX0=
-56,-40,pfapF9SKnh1zp7hao/0C3svfZ3U=,mXalm0jVbf/FNEujm2yWKAV8vX0=
-57,-40,pfapF9SKnh1zp7hao/0C3svfZ3U=,mXalm0jVbf/FNEujm2yWKAV8vX0=
-51,-40,pfapF9SKnh1zp7hao/0C3svfZ3U=,mXalm0jVbf/FNEujm2yWKAV8vX0=
-54,-40,pfapF9SKnh1zp7hao/0C3svfZ3U=,mXalm0jVbf/FNEujm2yWKAV8vX0=
-52,-40,pfapF9SKnh1zp7hao/0C3svfZ3U=,mXalm0jVbf/FNEujm2yWKAV8vX0=
-49,-41,pfapF9SKnh1zp7hao/0C3svfZ3U=,mXalm0jVbf/FNEujm2yWKAV8vX0=
-64,-40,pfapF9SKnh1zp7hao/0C3svfZ3U=,mXalm0jVbf/FNEujm2yWKAV8vX0=
-53,-40,pfapF9SKnh1zp7hao/0C3svfZ3U=,mXalm0jVbf/FNEujm2yWKAV8vX0=
-57,-47,pfapF9SKnh1zp7hao/0C3svfZ3U=,mXalm0jVbf/FNEujm2yWKAV8vX0=
-63,-40,pfapF9SKnh1zp7hao/0C3svfZ3U=,mXalm0jVbf/FNEujm2yWKAV8vX0=
-55,-40,pfapF9SKnh1zp7hao/0C3svfZ3U=,mXalm0jVbf/FNEujm2yWKAV8vX0=
-55,-48,pfapF9SKnh1zp7hao/0C3svfZ3U=,mXalm0jVbf/FNEujm2yWKAV8vX0=
-59,-40,pfapF9SKnh1zp7hao/0C3svfZ3U=,mXalm0jVbf/FNEujm2yWKAV8vX0=
-62,-45,pfapF9SKnh1zp7hao/0C3svfZ3U=,mXalm0jVbf/FNEujm2yWKAV8vX0=
-62,-40,pfapF9SKnh1zp7hao/0C3svfZ3U=,mXalm0jVbf/FNEujm2yWKAV8vX0=
-60,-40,pfapF9SKnh1zp7hao/0C3svfZ3U=,mXalm0jVbf/FNEujm2yWKAV8vX0=
-52,-41,pfapF9SKnh1zp7hao/0C3svfZ3U=,mXalm0jVbf/FNEujm2yWKAV8vX0=
-50,-41,pfapF9SKnh1zp7hao/0C3svfZ3U=,mXalm0jVbf/FNEujm2yWKAV8vX0=
-61,-40,pfapF9SKnh1zp7hao/0C3svfZ3U=,mXalm0jVbf/FNEujm2yWKAV8vX0=
-58,-40,pfapF9SKnh1zp7hao/0C3svfZ3U=,mXalm0jVbf/FNEujm2yWKAV8vX0=
-52,-44,pfapF9SKnh1zp7hao/0C3svfZ3U=,mXalm0jVbf/FNEujm2yWKAV8vX0=
-51,-41,pfapF9SKnh1zp7hao/0C3svfZ3U=,mXalm0jVbf/FNEujm2yWKAV8vX0=
-63,-41,pfapF9SKnh1zp7hao/0C3svfZ3U=,mXalm0jVbf/FNEujm2yWKAV8vX0=
-62,-41,pfapF9SKnh1zp7hao/0C3svfZ3U=,mXalm0jVbf/FNEujm2yWKAV8vX0=
-53,-41,pfapF9SKnh1zp7hao/0C3svfZ3U=,mXalm0jVbf/FNEujm2yWKAV8vX0=
-49,-42,pfapF9SKnh1zp7hao/0C3svfZ3U=,mXalm0jVbf/FNEujm2yWKAV8vX0=
-58,-47,pfapF9SKnh1zp7hao/0C3svfZ3U=,mXalm0jVbf/FNEujm2yWKAV8vX0=
-64,-41,pfapF9SKnh1zp7hao/0C3svfZ3U=,mXalm0jVbf/FNEujm2yWKAV8vX0=
-55,-41,pfapF9SKnh1zp7hao/0C3svfZ3U=,mXalm0jVbf/FNEujm2yWKAV8vX0=
-56,-41,pfapF9SKnh1zp7hao/0C3svfZ3U=,mXalm0jVbf/FNEujm2yWKAV8vX0=
-59,-41,pfapF9SKnh1zp7hao/0C3svfZ3U=,mXalm0jVbf/FNEujm2yWKAV8vX0=
-57,-41,pfapF9SKnh1zp7hao/0C3svfZ3U=,mXalm0jVbf/FNEujm2yWKAV8vX0=
-63,-45,pfapF9SKnh1zp7hao/0C3svfZ3U=,mXalm0jVbf/FNEujm2yWKAV8vX0=
-56,-48,pfapF9SKnh1zp7hao/0C3svfZ3U=,mXalm0jVbf/FNEujm2yWKAV8vX0=
-58,-41,pfapF9SKnh1zp7hao/0C3svfZ3U=,mXalm0jVbf/FNEujm2yWKAV8vX0=
-54,-41,pfapF9SKnh1zp7hao/0C3svfZ3U=,mXalm0jVbf/FNEujm2yWKAV8vX0=
-60,-41,pfapF9SKnh1zp7hao/0C3svfZ3U=,mXalm0jVbf/FNEujm2yWKAV8vX0=
-61,-41,pfapF9SKnh1zp7hao/0C3svfZ3U=,mXalm0jVbf/FNEujm2yWKAV8vX0=
-51,-42,pfapF9SKnh1zp7hao/0C3svfZ3U=,mXalm0jVbf/FNEujm2yWKAV8vX0=
-50,-42,pfapF9SKnh1zp7hao/0C3svfZ3U=,mXalm0jVbf/FNEujm2yWKAV8vX0=
-51,-44,pfapF9SKnh1zp7hao/0C3svfZ3U=,mXalm0jVbf/FNEujm2yWKAV8vX0=
-61,-42,pfapF9SKnh1zp7hao/0C3svfZ3U=,mXalm0jVbf/FNEujm2yWKAV8vX0=
-59,-42,pfapF9SKnh1zp7hao/0C3svfZ3U=,mXalm0jVbf/FNEujm2yWKAV8vX0=
-59,-47,pfapF9SKnh1zp7hao/0C3svfZ3U=,mXalm0jVbf/FNEujm2yWKAV8vX0=
-49,-43,pfapF9SKnh1zp7hao/0C3svfZ3U=,mXalm0jVbf/FNEujm2yWKAV8vX0=
-60,-42,pfapF9SKnh1zp7hao/0C3svfZ3U=,mXalm0jVbf/FNEujm2yWKAV8vX0=
-53,-42,pfapF9SKnh1zp7hao/0C3svfZ3U=,mXalm0jVbf/FNEujm2yWKAV8vX0=
-58,-42,pfapF9SKnh1zp7hao/0C3svfZ3U=,mXalm0jVbf/FNEujm2yWKAV8vX0=
-62,-42,pfapF9SKnh1zp7hao/0C3svfZ3U=,mXalm0jVbf/FNEujm2yWKAV8vX0=
-57,-42,pfapF9SKnh1zp7hao/0C3svfZ3U=,mXalm0jVbf/FNEujm2yWKAV8vX0=
-64,-42,pfapF9SKnh1zp7hao/0C3svfZ3U=,mXalm0jVbf/FNEujm2yWKAV8vX0=
-54,-42,pfapF9SKnh1zp7hao/0C3svfZ3U=,mXalm0jVbf/FNEujm2yWKAV8vX0=
-56,-42,pfapF9SKnh1zp7hao/0C3svfZ3U=,mXalm0jVbf/FNEujm2yWKAV8vX0=
-55,-42,pfapF9SKnh1zp7hao/0C3svfZ3U=,mXalm0jVbf/FNEujm2yWKAV8vX0=
-64,-45,pfapF9SKnh1zp7hao/0C3svfZ3U=,mXalm0jVbf/FNEujm2yWKAV8vX0=
-63,-42,pfapF9SKnh1zp7hao/0C3svfZ3U=,mXalm0jVbf/FNEujm2yWKAV8vX0=
-60,-47,pfapF9SKnh1zp7hao/0C3svfZ3U=,mXalm0jVbf/FNEujm2yWKAV8vX0=
-57,-48,pfapF9SKnh1zp7hao/0C3svfZ3U=,mXalm0jVbf/FNEujm2yWKAV8vX0=
-59,-43,pfapF9SKnh1zp7hao/0C3svfZ3U=,mXalm0jVbf/FNEujm2yWKAV8vX0=
-58,-43,pfapF9SKnh1zp7hao/0C3svfZ3U=,mXalm0jVbf/FNEujm2yWKAV8vX0=
-52,-42,pfapF9SKnh1zp7hao/0C3svfZ3U=,mXalm0jVbf/FNEujm2yWKAV8vX0=
-50,-44,pfapF9SKnh1zp7hao/0C3svfZ3U=,mXalm0jVbf/FNEujm2yWKAV8vX0=
-49,-44,pfapF9SKnh1zp7hao/0C3svfZ3U=,mXalm0jVbf/FNEujm2yWKAV8vX0=
-60,-43,pfapF9SKnh1zp7hao/0C3svfZ3U=,mXalm0jVbf/FNEujm2yWKAV8vX0=
-61,-43,pfapF9SKnh1zp7hao/0C3svfZ3U=,mXalm0jVbf/FNEujm2yWKAV8vX0=
-62,-43,pfapF9SKnh1zp7hao/0C3svfZ3U=,mXalm0jVbf/FNEujm2yWKAV8vX0=
-61,-47,pfapF9SKnh1zp7hao/0C3svfZ3U=,mXalm0jVbf/FNEujm2yWKAV8vX0=
-55,-43,pfapF9SKnh1zp7hao/0C3svfZ3U=,mXalm0jVbf/FNEujm2yWKAV8vX0=
-63,-43,pfapF9SKnh1zp7hao/0C3svfZ3U=,mXalm0jVbf/FNEujm2yWKAV8vX0=
-64,-43,pfapF9SKnh1zp7hao/0C3svfZ3U=,mXalm0jVbf/FNEujm2yWKAV8vX0=
-57,-43,pfapF9SKnh1zp7hao/0C3svfZ3U=,mXalm0jVbf/FNEujm2yWKAV8vX0=
-50,-43,pfapF9SKnh1zp7hao/0C3svfZ3U=,mXalm0jVbf/FNEujm2yWKAV8vX0=
-56,-43,pfapF9SKnh1zp7hao/0C3svfZ3U=,mXalm0jVbf/FNEujm2yWKAV8vX0=
-51,-43,pfapF9SKnh1zp7hao/0C3svfZ3U=,mXalm0jVbf/FNEujm2yWKAV8vX0=
-53,-43,pfapF9SKnh1zp7hao/0C3svfZ3U=,mXalm0jVbf/FNEujm2yWKAV8vX0=
-52,-43,pfapF9SKnh1zp7hao/0C3svfZ3U=,mXalm0jVbf/FNEujm2yWKAV8vX0=
-54,-43,pfapF9SKnh1zp7hao/0C3svfZ3U=,mXalm0jVbf/FNEujm2yWKAV8vX0=
-49,-38,pfapF9SKnh1zp7hao/0C3svfZ3U=,mXalm0jVbf/FNEujm2yWKAV8vX0=
