184,-161,uJBR+WrUK/hPx9qfDXgyheok+ZA=,cELOuSy0muPXt1f+czLBZr0Icw8=
183,-161,uJBR+WrUK/hPx9qfDXgyheok+ZA=,cELOuSy0muPXt1f+czLBZr0Icw8=
185,-161,uJBR+WrUK/hPx9qfDXgyheok+ZA=,cELOuSy0muPXt1f+czLBZr0Icw8=
179,-176,uJBR+WrUK/hPx9qfDXgyheok+ZA=,cELOuSy0muPXt1f+czLBZr0Icw8=
186,-161,uJBR+WrUK/hPx9qfDXgyheok+ZA=,cELOuSy0muPXt1f+czLBZr0Icw8=
191,-161,uJBR+WrUK/hPx9qfDXgyheok+ZA=,cELOuSy0muPXt1f+czLBZr0Icw8=
182,-161,uJBR+WrUK/hPx9qfDXgyheok+ZA=,cELOuSy0muPXt1f+czLBZr0Icw8=
189,-161,7OkX4kSmwfUafE9252Cy9p3pGSA=,cELOuSy0muPXt1f+czLBZr0Icw8=
187,-161,7OkX4kSmwfUafE9252Cy9p3pGSA=,cELOuSy0muPXt1f+czLBZr0Icw8=
190,-174,7OkX4kSmwfUafE9252Cy9p3pGSA=,cELOuSy0muPXt1f+czLBZr0Icw8=
189,-174,7OkX4kSmwfUafE9252Cy9p3pGSA=,cELOuSy0muPXt1f+czLBZr0Icw8=
188,-161,7OkX4kSmwfUafE9252Cy9p3pGSA=,cELOuSy0muPXt1f+czLBZr0Icw8=
190,-161,7OkX4kSmwfUafE9252Cy9p3pGSA=,cELOuSy0muPXt1f+czLBZr0Icw8=
177,-175,7OkX4kSmwfUafE9252Cy9p3pGSA=,cELOuSy0muPXt1f+czLBZr0Icw8=
181,-161,7OkX4kSmwfUafE9252Cy9p3pGSA=,cELOuSy0muPXt1f+czLBZr0Icw8=
180,-161,7OkX4kSmwfUafE9252Cy9p3pGSA=,cELOuSy0muPXt1f+czLBZr0Icw8=
177,-161,7OkX4kSmwfUafE9252Cy9p3pGSA=,cELOuSy0muPXt1f+czLBZr0Icw8=
191,-175,7OkX4kSmwfUafE9252Cy9p3pGSA=,cELOuSy0muPXt1f+czLBZr0Icw8=
190,-175,7OkX4kSmwfUafE9252Cy9p3pGSA=,cELOuSy0muPXt1f+czLBZr0Icw8=
189,-175,7OkX4kSmwfUafE9252Cy9p3pGSA=,cELOuSy0muPXt1f+czLBZr0Icw8=
179,-161,7OkX4kSmwfUafE9252Cy9p3pGSA=,cELOuSy0muPXt1f+czLBZr0Icw8=
178,-161,7OkX4kSmwfUafE9252Cy9p3pGSA=,cELOuSy0muPXt1f+czLBZr0Icw8=
191,-174,7OkX4kSmwfUafE9252Cy9p3pGSA=,cELOuSy0muPXt1f+czLBZr0Icw8=
188,-175,7OkX4kSmwfUafE9252Cy9p3pGSA=,cELOuSy0muPXt1f+czLBZr0Icw8=
186,-175,7OkX4kSmwfUafE9252Cy9p3pGSA=,cELOuSy0muPXt1f+czLBZr0Icw8=
185,-175,7OkX4kSmwfUafE9252Cy9p3pGSA=,cELOuSy0muPXt1f+czLBZr0Icw8=
184,-175,7OkX4kSmwfUafE9252Cy9p3pGSA=,cELOuSy0muPXt1f+czLBZr0Icw8=
183,-175,7OkX4kSmwfUafE9252Cy9p3pGSA=,cELOuSy0muPXt1f+czLBZr0Icw8=
178,-175,7OkX4kSmwfUafE9252Cy9p3pGSA=,cELOuSy0muPXt1f+czLBZr0Icw8=
179,-175,7OkX4kSmwfUafE9252Cy9p3pGSA=,cELOuSy0muPXt1f+czLBZr0Icw8=
182,-175,7OkX4kSmwfUafE9252Cy9p3pGSA=,cELOuSy0muPXt1f+czLBZr0Icw8=
181,-175,7OkX4kSmwfUafE9252Cy9p3pGSA=,cELOuSy0muPXt1f+czLBZr0Icw8=
180,-175,7OkX4kSmwfUafE9252Cy9p3pGSA=,cELOuSy0muPXt1f+czLBZr0Icw8=
176,-161,7OkX4kSmwfUafE9252Cy9p3pGSA=,cELOuSy0muPXt1f+czLBZr0Icw8=
178,-176,7OkX4kSmwfUafE9252Cy9p3pGSA=,cELOuSy0muPXt1f+czLBZr0Icw8=
176,-173,7OkX4kSmwfUafE9252Cy9p3pGSA=,cELOuSy0muPXt1f+czLBZr0Icw8=
184,-162,7OkX4kSmwfUafE9252Cy9p3pGSA=,cELOuSy0muPXt1f+czLBZr0Icw8=
191,-162,7OkX4kSmwfUafE9252Cy9p3pGSA=,cELOuSy0muPXt1f+czLBZr0Icw8=
187,-175,7OkX4kSmwfUafE9252Cy9p3pGSA=,cELOuSy0muPXt1f+czLBZr0Icw8=
185,-162,7OkX4kSmwfUafE9252Cy9p3pGSA=,cELOuSy0muPXt1f+czLBZr0Icw8=
188,-162,7OkX4kSmwfUafE9252Cy9p3pGSA=,cELOuSy0muPXt1f+czLBZr0Icw8=
188,-174,7OkX4kSmwfUafE9252Cy9p3pGSA=,cELOuSy0muPXt1f+czLBZr0Icw8=
190,-162,7OkX4kSmwfUafE9252Cy9p3pGSA=,cELOuSy0muPXt1f+czLBZr0Icw8=
186,-162,7OkX4kSmwfUafE9252Cy9p3pGSA=,cELOuSy0muPXt1f+czLBZr0Icw8=
189,-162,7OkX4kSmwfUafE9252Cy9p3pGSA=,cELOuSy0muPXt1f+czLBZr0Icw8=
183,-162,7OkX4kSmwfUafE9252Cy9p3pGSA=,cELOuSy0muPXt1f+czLBZr0Icw8=
176,-175,7OkX4kSmwfUafE9252Cy9p3pGSA=,cELOuSy0muPXt1f+czLBZr0Icw8=
187,-162,7OkX4kSmwfUafE9252Cy9p3pGSA=,cELOuSy0muPXt1f+czLBZr0Icw8=
177,-173,7OkX4kSmwfUafE9252Cy9p3pGSA=,cELOuSy0muPXt1f+czLBZr0Icw8=
182,-162,7OkX4kSmwfUafE9252Cy9p3pGSA=,cELOuSy0muPXt1f+czLBZr0Icw8=
177,-162,7OkX4kSmwfUafE9252Cy9p3pGSA=,cELOuSy0muPXt1f+czLBZr0Icw8=
181,-162,7OkX4kSmwfUafE9252Cy9p3pGSA=,cELOuSy0muPXt1f+czLBZr0Icw8=
179,-162,7OkX4kSmwfUafE9252Cy9p3pGSA=,cELOuSy0muPXt1f+czLBZr0Icw8=
189,-163,7OkX4kSmwfUafE9252Cy9p3pGSA=,cELOuSy0muPXt1f+czLBZr0Icw8=
178,-162,7OkX4kSmwfUafE9252Cy9p3pGSA=,cELOuSy0muPXt1f+czLBZr0Icw8=
191,-163,7OkX4kSmwfUafE9252Cy9p3pGSA=,cELOuSy0muPXt1f+czLBZr0Icw8=
190,-163,7OkX4kSmwfUafE9252Cy9p3pGSA=,cELOuSy0muPXt1f+czLBZr0Icw8=
176,-162,7OkX4kSmwfUafE9252Cy9p3pGSA=,cELOuSy0muPXt1f+czLBZr0Icw8=
187,-174,7OkX4kSmwfUafE9252Cy9p3pGSA=,cELOuSy0muPXt1f+czLBZr0Icw8=
186,-163,7OkX4kSmwfUafE9252Cy9p3pGSA=,cELOuSy0muPXt1f+czLBZr0Icw8=
191,-176,7OkX4kSmwfUafE9252Cy9p3pGSA=,cELOuSy0muPXt1f+czLBZr0Icw8=
188,-163,7OkX4kSmwfUafE9252Cy9p3pGSA=,cELOuSy0muPXt1f+czLBZr0Icw8=
178,-173,7OkX4kSmwfUafE9252Cy9p3pGSA=,cELOuSy0muPXt1f+czLBZr0Icw8=
185,-163,7OkX4kSmwfUafE9252Cy9p3pGSA=,cELOuSy0muPXt1f+czLBZr0Icw8=
187,-163,7OkX4kSmwfUafE9252Cy9p3pGSA=,cELOuSy0muPXt1f+czLBZr0Icw8=
184,-163,7OkX4kSmwfUafE9252Cy9p3pGSA=,cELOuSy0muPXt1f+czLBZr0Icw8=
183,-163,7OkX4kSmwfUafE9252Cy9p3pGSA=,cELOuSy0muPXt1f+czLBZr0Icw8=
179,-163,7OkX4kSmwfUafE9252Cy9p3pGSA=,cELOuSy0muPXt1f+czLBZr0Icw8=
180,-162,7OkX4kSmwfUafE9252Cy9p3pGSA=,cELOuSy0muPXt1f+czLBZr0Icw8=
182,-163,7OkX4kSmwfUafE9252Cy9p3pGSA=,cELOuSy0muPXt1f+czLBZr0Icw8=
180,-163,7OkX4kSmwfUafE9252Cy9p3pGSA=,cELOuSy0muPXt1f+czLBZr0Icw8=
177,-176,7OkX4kSmwfUafE9252Cy9p3pGSA=,cELOuSy0muPXt1f+czLBZr0Icw8=
178,-163,7OkX4kSmwfUafE9252Cy9p3pGSA=,cELOuSy0muPXt1f+czLBZr0Icw8=
181,-163,7OkX4kSmwfUafE9252Cy9p3pGSA=,cELOuSy0muPXt1f+czLBZr0Icw8=
189,-164,7OkX4kSmwfUafE9252Cy9p3pGSA=,cELOuSy0muPXt1f+czLBZr0Icw8=
187,-164,7OkX4kSmwfUafE9252Cy9p3pGSA=,cELOuSy0muPXt1f+czLBZr0Icw8=
177,-163,7OkX4kSmwfUafE9252Cy9p3pGSA=,cELOuSy0muPXt1f+czLBZr0Icw8=
188,-164,7OkX4kSmwfUafE9252Cy9p3pGSA=,cELOuSy0muPXt1f+czLBZr0Icw8=
176,-174,7OkX4kSmwfUafE9252Cy9p3pGSA=,cELOuSy0muPXt1f+czLBZr0Icw8=
190,-164,7OkX4kSmwfUafE9252Cy9p3pGSA=,cELOuSy0muPXt1f+czLBZr0Icw8=
176,-163,7OkX4kSmwfUafE9252Cy9p3pGSA=,cELOuSy0muPXt1f+czLBZr0Icw8=
191,-164,7OkX4kSmwfUafE9252Cy9p3pGSA=,cELOuSy0muPXt1f+czLBZr0Icw8=
177,-164,7OkX4kSmwfUafE9252Cy9p3pGSA=,cELOuSy0muPXt1f+czLBZr0Icw8=
176,-164,7OkX4kSmwfUafE9252Cy9p3pGSA=,cELOuSy0muPXt1f+czLBZr0Icw8=
190,-176,7OkX4kSmwfUafE9252Cy9p3pGSA=,cELOuSy0muPXt1f+czLBZr0Icw8=
186,-174,7OkX4kSmwfUafE9252Cy9p3pGSA=,cELOuSy0muPXt1f+czLBZr0Icw8=
186,-164,7OkX4kSmwfUafE9252Cy9p3pGSA=,cELOuSy0muPXt1f+czLBZr0Icw8=
190,-165,7OkX4kSmwfUafE9252Cy9p3pGSA=,cELOuSy0muPXt1f+czLBZr0Icw8=
189,-165,7OkX4kSmwfUafE9252Cy9p3pGSA=,cELOuSy0muPXt1f+czLBZr0Icw8=
183,-164,7OkX4kSmwfUafE9252Cy9p3pGSA=,cELOuSy0muPXt1f+czLBZr0Icw8=
184,-164,7OkX4kSmwfUafE9252Cy9p3pGSA=,cELOuSy0muPXt1f+czLBZr0Icw8=
179,-173,7OkX4kSmwfUafE9252Cy9p3pGSA=,cELOuSy0muPXt1f+czLBZr0Icw8=
181,-164,7OkX4kSmwfUafE9252Cy9p3pGSA=,cELOuSy0muPXt1f+czLBZr0Icw8=
185,-164,7OkX4kSmwfUafE9252Cy9p3pGSA=,cELOuSy0muPXt1f+czLBZr0Icw8=
182,-164,7OkX4kSmwfUafE9252Cy9p3pGSA=,cELOuSy0muPXt1f+czLBZr0Icw8=
191,-165,7OkX4kSmwfUafE9252Cy9p3pGSA=,cELOuSy0muPXt1f+czLBZr0Icw8=
180,-164,7OkX4kSmwfUafE9252Cy9p3pGSA=,cELOuSy0muPXt1f+czLBZr0Icw8=
188,-165,7OkX4kSmwfUafE9252Cy9p3pGSA=,cELOuSy0muPXt1f+czLBZr0Icw8=
179,-164,7OkX4kSmwfUafE9252Cy9p3pGSA=,cELOuSy0muPXt1f+czLBZr0Icw8=
178,-164,7OkX4kSmwfUafE9252Cy9p3pGSA=,cELOuSy0muPXt1f+czLBZr0Icw8=
180,-176,7OkX4kSmwfUafE9252Cy9p3pGSA=,cELOuSy0muPXt1f+czLBZr0Icw8=
187,-165,7OkX4kSmwfUafE9252Cy9p3pGSA=,cELOuSy0muPXt1f+czLBZr0Icw8=
185,-174,7OkX4kSmwfUafE9252Cy9p3pGSA=,cELOuSy0muPXt1f+czLBZr0Icw8=
189,-176,7OkX4kSmwfUafE9252Cy9p3pGSA=,cELOuSy0muPXt1f+czLBZr0Icw8=
186,-165,7OkX4kSmwfUafE9252Cy9p3pGSA=,cELOuSy0muPXt1f+czLBZr0Icw8=
185,-165,7OkX4kSmwfUafE9252Cy9p3pGSA=,cELOuSy0muPXt1f+czLBZr0Icw8=
176,-165,7OkX4kSmwfUafE9252Cy9p3pGSA=,cELOuSy0muPXt1f+czLBZr0Icw8=
180,-173,7OkX4kSmwfUafE9252Cy9p3pGSA=,cELOuSy0muPXt1f+czLBZr0Icw8=
184,-165,7OkX4kSmwfUafE9252Cy9p3pGSA=,cELOuSy0muPXt1f+czLBZr0Icw8=
183,-165,7OkX4kSmwfUafE9252Cy9p3pGSA=,cELOuSy0muPXt1f+czLBZr0Icw8=
177,-165,7OkX4kSmwfUafE9252Cy9p3pGSA=,cELOuSy0muPXt1f+czLBZr0Icw8=
190,-166,7OkX4kSmwfUafE9252Cy9p3pGSA=,cELOuSy0muPXt1f+czLBZr0Icw8=
182,-165,7OkX4kSmwfUafE9252Cy9p3pGSA=,cELOuSy0muPXt1f+czLBZr0Icw8=
181,-165,7OkX4kSmwfUafE9252Cy9p3pGSA=,cELOuSy0muPXt1f+czLBZr0Icw8=
191,-166,7OkX4kSmwfUafE9252Cy9p3pGSA=,cELOuSy0muPXt1f+czLBZr0Icw8=
180,-165,7OkX4kSmwfUafE9252Cy9p3pGSA=,cELOuSy0muPXt1f+czLBZr0Icw8=
179,-165,7OkX4kSmwfUafE9252Cy9p3pGSA=,cELOuSy0muPXt1f+czLBZr0Icw8=
189,-166,7OkX4kSmwfUafE9252Cy9p3pGSA=,cELOuSy0muPXt1f+czLBZr0Icw8=
178,-165,7OkX4kSmwfUafE9252Cy9p3pGSA=,cELOuSy0muPXt1f+czLBZr0Icw8=
188,-176,7OkX4kSmwfUafE9252Cy9p3pGSA=,cELOuSy0muPXt1f+czLBZr0Icw8=
186,-166,7OkX4kSmwfUafE9252Cy9p3pGSA=,cELOuSy0muPXt1f+czLBZr0Icw8=
181,-173,7OkX4kSmwfUafE9252Cy9p3pGSA=,cELOuSy0muPXt1f+czLBZr0Icw8=
188,-166,7OkX4kSmwfUafE9252Cy9p3pGSA=,cELOuSy0muPXt1f+czLBZr0Icw8=
187,-166,7OkX4kSmwfUafE9252Cy9p3pGSA=,cELOuSy0muPXt1f+czLBZr0Icw8=
191,-167,7OkX4kSmwfUafE9252Cy9p3pGSA=,cELOuSy0muPXt1f+czLBZr0Icw8=
177,-166,7OkX4kSmwfUafE9252Cy9p3pGSA=,cELOuSy0muPXt1f+czLBZr0Icw8=
185,-166,7OkX4kSmwfUafE9252Cy9p3pGSA=,cELOuSy0muPXt1f+czLBZr0Icw8=
181,-166,7OkX4kSmwfUafE9252Cy9p3pGSA=,cELOuSy0muPXt1f+czLBZr0Icw8=
182,-166,7OkX4kSmwfUafE9252Cy9p3pGSA=,cELOuSy0muPXt1f+czLBZr0Icw8=
179,-166,7OkX4kSmwfUafE9252Cy9p3pGSA=,cELOuSy0muPXt1f+czLBZr0Icw8=
180,-166,7OkX4kSmwfUafE9252Cy9p3pGSA=,cELOuSy0muPXt1f+czLBZr0Icw8=
184,-166,7OkX4kSmwfUafE9252Cy9p3pGSA=,cELOuSy0muPXt1f+czLBZr0Icw8=
184,-174,7OkX4kSmwfUafE9252Cy9p3pGSA=,cELOuSy0muPXt1f+czLBZr0Icw8=
183,-166,7OkX4kSmwfUafE9252Cy9p3pGSA=,cELOuSy0muPXt1f+czLBZr0Icw8=
176,-166,7OkX4kSmwfUafE9252Cy9p3pGSA=,cELOuSy0muPXt1f+czLBZr0Icw8=
190,-167,7OkX4kSmwfUafE9252Cy9p3pGSA=,cELOuSy0muPXt1f+czLBZr0Icw8=
178,-166,7OkX4kSmwfUafE9252Cy9p3pGSA=,cELOuSy0muPXt1f+czLBZr0Icw8=
182,-173,7OkX4kSmwfUafE9252Cy9p3pGSA=,cELOuSy0muPXt1f+czLBZr0Icw8=
189,-167,7OkX4kSmwfUafE9252Cy9p3pGSA=,cELOuSy0muPXt1f+czLBZr0Icw8=
188,-167,7OkX4kSmwfUafE9252Cy9p3pGSA=,cELOuSy0muPXt1f+czLBZr0Icw8=
187,-176,7OkX4kSmwfUafE9252Cy9p3pGSA=,cELOuSy0muPXt1f+czLBZr0Icw8=
186,-167,7OkX4kSmwfUafE9252Cy9p3pGSA=,cELOuSy0muPXt1f+czLBZr0Icw8=
182,-167,7OkX4kSmwfUafE9252Cy9p3pGSA=,cELOuSy0muPXt1f+czLBZr0Icw8=
184,-167,7OkX4kSmwfUafE9252Cy9p3pGSA=,cELOuSy0muPXt1f+czLBZr0Icw8=
183,-174,7OkX4kSmwfUafE9252Cy9p3pGSA=,cELOuSy0muPXt1f+czLBZr0Icw8=
185,-167,7OkX4kSmwfUafE9252Cy9p3pGSA=,cELOuSy0muPXt1f+czLBZr0Icw8=
187,-167,7OkX4kSmwfUafE9252Cy9p3pGSA=,cELOuSy0muPXt1f+czLBZr0Icw8=
181,-167,7OkX4kSmwfUafE9252Cy9p3pGSA=,cELOuSy0muPXt1f+czLBZr0Icw8=
183,-167,7OkX4kSmwfUafE9252Cy9p3pGSA=,cELOuSy0muPXt1f+czLBZr0Icw8=
179,-167,7OkX4kSmwfUafE9252Cy9p3pGSA=,cELOuSy0muPXt1f+czLBZr0Icw8=
178,-167,7OkX4kSmwfUafE9252Cy9p3pGSA=,cELOuSy0muPXt1f+czLBZr0Icw8=
191,-168,7OkX4kSmwfUafE9252Cy9p3pGSA=,cELOuSy0muPXt1f+czLBZr0Icw8=
180,-167,7OkX4kSmwfUafE9252Cy9p3pGSA=,cELOuSy0muPXt1f+czLBZr0Icw8=
177,-167,7OkX4kSmwfUafE9252Cy9p3pGSA=,cELOuSy0muPXt1f+czLBZr0Icw8=
183,-173,7OkX4kSmwfUafE9252Cy9p3pGSA=,cELOuSy0muPXt1f+czLBZr0Icw8=
190,-168,7OkX4kSmwfUafE9252Cy9p3pGSA=,cELOuSy0muPXt1f+czLBZr0Icw8=
176,-167,7OkX4kSmwfUafE9252Cy9p3pGSA=,cELOuSy0muPXt1f+czLBZr0Icw8=
187,-168,7OkX4kSmwfUafE9252Cy9p3pGSA=,cELOuSy0muPXt1f+czLBZr0Icw8=
188,-168,7OkX4kSmwfUafE9252Cy9p3pGSA=,cELOuSy0muPXt1f+czLBZr0Icw8=
185,-168,7OkX4kSmwfUafE9252Cy9p3pGSA=,cELOuSy0muPXt1f+czLBZr0Icw8=
182,-168,7OkX4kSmwfUafE9252Cy9p3pGSA=,cELOuSy0muPXt1f+czLBZr0Icw8=
189,-168,7OkX4kSmwfUafE9252Cy9p3pGSA=,cELOuSy0muPXt1f+czLBZr0Icw8=
186,-168,7OkX4kSmwfUafE9252Cy9p3pGSA=,cELOuSy0muPXt1f+czLBZr0Icw8=
186,-176,7OkX4kSmwfUafE9252Cy9p3pGSA=,cELOuSy0muPXt1f+czLBZr0Icw8=
178,-168,7OkX4kSmwfUafE9252Cy9p3pGSA=,cELOuSy0muPXt1f+czLBZr0Icw8=
182,-174,7OkX4kSmwfUafE9252Cy9p3pGSA=,cELOuSy0muPXt1f+czLBZr0Icw8=
177,-168,7OkX4kSmwfUafE9252Cy9p3pGSA=,cELOuSy0muPXt1f+czLBZr0Icw8=
184,-173,7OkX4kSmwfUafE9252Cy9p3pGSA=,cELOuSy0muPXt1f+czLBZr0Icw8=
181,-168,7OkX4kSmwfUafE9252Cy9p3pGSA=,cELOuSy0muPXt1f+czLBZr0Icw8=
183,-168,7OkX4kSmwfUafE9252Cy9p3pGSA=,cELOuSy0muPXt1f+czLBZr0Icw8=
180,-168,7OkX4kSmwfUafE9252Cy9p3pGSA=,cELOuSy0muPXt1f+czLBZr0Icw8=
179,-168,7OkX4kSmwfUafE9252Cy9p3pGSA=,cELOuSy0muPXt1f+czLBZr0Icw8=
190,-169,7OkX4kSmwfUafE9252Cy9p3pGSA=,cELOuSy0muPXt1f+czLBZr0Icw8=
176,-168,7OkX4kSmwfUafE9252Cy9p3pGSA=,cELOuSy0muPXt1f+czLBZr0Icw8=
176,-176,7OkX4kSmwfUafE9252Cy9p3pGSA=,cELOuSy0muPXt1f+czLBZr0Icw8=
189,-169,7OkX4kSmwfUafE9252Cy9p3pGSA=,cELOuSy0muPXt1f+czLBZr0Icw8=
191,-169,7OkX4kSmwfUafE9252Cy9p3pGSA=,cELOuSy0muPXt1f+czLBZr0Icw8=
187,-169,7OkX4kSmwfUafE9252Cy9p3pGSA=,cELOuSy0muPXt1f+czLBZr0Icw8=
185,-169,7OkX4kSmwfUafE9252Cy9p3pGSA=,cELOuSy0muPXt1f+czLBZr0Icw8=
184,-169,7OkX4kSmwfUafE9252Cy9p3pGSA=,cELOuSy0muPXt1f+czLBZr0Icw8=
186,-169,7OkX4kSmwfUafE9252Cy9p3pGSA=,cELOuSy0muPXt1f+czLBZr0Icw8=
188,-169,7OkX4kSmwfUafE9252Cy9p3pGSA=,cELOuSy0muPXt1f+czLBZr0Icw8=
182,-169,7OkX4kSmwfUafE9252Cy9p3pGSA=,cELOuSy0muPXt1f+czLBZr0Icw8=
185,-176,7OkX4kSmwfUafE9252Cy9p3pGSA=,cELOuSy0muPXt1f+czLBZr0Icw8=
181,-174,7OkX4kSmwfUafE9252Cy9p3pGSA=,cELOuSy0muPXt1f+czLBZr0Icw8=
181,-169,7OkX4kSmwfUafE9252Cy9p3pGSA=,cELOuSy0muPXt1f+czLBZr0Icw8=
184,-168,7OkX4kSmwfUafE9252Cy9p3pGSA=,cELOuSy0muPXt1f+czLBZr0Icw8=
176,-169,7OkX4kSmwfUafE9252Cy9p3pGSA=,cELOuSy0muPXt1f+czLBZr0Icw8=
177,-169,7OkX4kSmwfUafE9252Cy9p3pGSA=,cELOuSy0muPXt1f+czLBZr0Icw8=
178,-169,7OkX4kSmwfUafE9252Cy9p3pGSA=,cELOuSy0muPXt1f+czLBZr0Icw8=
189,-170,7OkX4kSmwfUafE9252Cy9p3pGSA=,cELOuSy0muPXt1f+czLBZr0Icw8=
179,-169,7OkX4kSmwfUafE9252Cy9p3pGSA=,cELOuSy0muPXt1f+czLBZr0Icw8=
185,-173,7OkX4kSmwfUafE9252Cy9p3pGSA=,cELOuSy0muPXt1f+czLBZr0Icw8=
183,-170,7OkX4kSmwfUafE9252Cy9p3pGSA=,cELOuSy0muPXt1f+czLBZr0Icw8=
188,-170,7OkX4kSmwfUafE9252Cy9p3pGSA=,cELOuSy0muPXt1f+czLBZr0Icw8=
184,-170,7OkX4kSmwfUafE9252Cy9p3pGSA=,cELOuSy0muPXt1f+czLBZr0Icw8=
180,-174,7OkX4kSmwfUafE9252Cy9p3pGSA=,cELOuSy0muPXt1f+czLBZr0Icw8=
181,-170,7OkX4kSmwfUafE9252Cy9p3pGSA=,cELOuSy0muPXt1f+czLBZr0Icw8=
182,-170,7OkX4kSmwfUafE9252Cy9p3pGSA=,cELOuSy0muPXt1f+czLBZr0Icw8=
184,-176,7OkX4kSmwfUafE9252Cy9p3pGSA=,cELOuSy0muPXt1f+czLBZr0Icw8=
180,-169,7OkX4kSmwfUafE9252Cy9p3pGSA=,cELOuSy0muPXt1f+czLBZr0Icw8=
176,-170,7OkX4kSmwfUafE9252Cy9p3pGSA=,cELOuSy0muPXt1f+czLBZr0Icw8=
177,-170,7OkX4kSmwfUafE9252Cy9p3pGSA=,cELOuSy0muPXt1f+czLBZr0Icw8=
180,-170,7OkX4kSmwfUafE9252Cy9p3pGSA=,cELOuSy0muPXt1f+czLBZr0Icw8=
186,-173,7OkX4kSmwfUafE9252Cy9p3pGSA=,cELOuSy0muPXt1f+czLBZr0Icw8=
185,-170,7OkX4kSmwfUafE9252Cy9p3pGSA=,cELOuSy0muPXt1f+czLBZr0Icw8=
179,-170,7OkX4kSmwfUafE9252Cy9p3pGSA=,cELOuSy0muPXt1f+czLBZr0Icw8=
186,-170,7OkX4kSmwfUafE9252Cy9p3pGSA=,cELOuSy0muPXt1f+czLBZr0Icw8=
178,-170,7OkX4kSmwfUafE9252Cy9p3pGSA=,cELOuSy0muPXt1f+czLBZr0Icw8=
191,-171,7OkX4kSmwfUafE9252Cy9p3pGSA=,cELOuSy0muPXt1f+czLBZr0Icw8=
189,-171,7OkX4kSmwfUafE9252Cy9p3pGSA=,cELOuSy0muPXt1f+czLBZr0Icw8=
187,-170,7OkX4kSmwfUafE9252Cy9p3pGSA=,cELOuSy0muPXt1f+czLBZr0Icw8=
191,-170,7OkX4kSmwfUafE9252Cy9p3pGSA=,cELOuSy0muPXt1f+czLBZr0Icw8=
188,-171,7OkX4kSmwfUafE9252Cy9p3pGSA=,cELOuSy0muPXt1f+czLBZr0Icw8=
187,-173,7OkX4kSmwfUafE9252Cy9p3pGSA=,cELOuSy0muPXt1f+czLBZr0Icw8=
187,-171,7OkX4kSmwfUafE9252Cy9p3pGSA=,cELOuSy0muPXt1f+czLBZr0Icw8=
179,-174,7OkX4kSmwfUafE9252Cy9p3pGSA=,cELOuSy0muPXt1f+czLBZr0Icw8=
186,-171,7OkX4kSmwfUafE9252Cy9p3pGSA=,cELOuSy0muPXt1f+czLBZr0Icw8=
185,-171,7OkX4kSmwfUafE9252Cy9p3pGSA=,cELOuSy0muPXt1f+czLBZr0Icw8=
183,-171,7OkX4kSmwfUafE9252Cy9p3pGSA=,cELOuSy0muPXt1f+czLBZr0Icw8=
184,-171,7OkX4kSmwfUafE9252Cy9p3pGSA=,cELOuSy0muPXt1f+czLBZr0Icw8=
182,-171,7OkX4kSmwfUafE9252Cy9p3pGSA=,cELOuSy0muPXt1f+czLBZr0Icw8=
183,-176,7OkX4kSmwfUafE9252Cy9p3pGSA=,cELOuSy0muPXt1f+czLBZr0Icw8=
190,-170,7OkX4kSmwfUafE9252Cy9p3pGSA=,cELOuSy0muPXt1f+czLBZr0Icw8=
183,-169,7OkX4kSmwfUafE9252Cy9p3pGSA=,cELOuSy0muPXt1f+czLBZr0Icw8=
180,-171,7OkX4kSmwfUafE9252Cy9p3pGSA=,cELOuSy0muPXt1f+czLBZr0Icw8=
177,-171,7OkX4kSmwfUafE9252Cy9p3pGSA=,cELOuSy0muPXt1f+czLBZr0Icw8=
179,-171,7OkX4kSmwfUafE9252Cy9p3pGSA=,cELOuSy0muPXt1f+czLBZr0Icw8=
188,-173,7OkX4kSmwfUafE9252Cy9p3pGSA=,cELOuSy0muPXt1f+czLBZr0Icw8=
176,-171,7OkX4kSmwfUafE9252Cy9p3pGSA=,cELOuSy0muPXt1f+czLBZr0Icw8=
191,-172,7OkX4kSmwfUafE9252Cy9p3pGSA=,cELOuSy0muPXt1f+czLBZr0Icw8=
189,-172,7OkX4kSmwfUafE9252Cy9p3pGSA=,cELOuSy0muPXt1f+czLBZr0Icw8=
182,-176,7OkX4kSmwfUafE9252Cy9p3pGSA=,cELOuSy0muPXt1f+czLBZr0Icw8=
190,-172,7OkX4kSmwfUafE9252Cy9p3pGSA=,cELOuSy0muPXt1f+czLBZr0Icw8=
187,-172,7OkX4kSmwfUafE9252Cy9p3pGSA=,cELOuSy0muPXt1f+czLBZr0Icw8=
185,-172,7OkX4kSmwfUafE9252Cy9p3pGSA=,cELOuSy0muPXt1f+czLBZr0Icw8=
186,-172,7OkX4kSmwfUafE9252Cy9p3pGSA=,cELOuSy0muPXt1f+czLBZr0Icw8=
178,-174,7OkX4kSmwfUafE9252Cy9p3pGSA=,cELOuSy0muPXt1f+czLBZr0Icw8=
183,-172,7OkX4kSmwfUafE9252Cy9p3pGSA=,cELOuSy0muPXt1f+czLBZr0Icw8=
184,-172,7OkX4kSmwfUafE9252Cy9p3pGSA=,cELOuSy0muPXt1f+czLBZr0Icw8=
189,-173,7OkX4kSmwfUafE9252Cy9p3pGSA=,cELOuSy0muPXt1f+czLBZr0Icw8=
182,-172,7OkX4kSmwfUafE9252Cy9p3pGSA=,cELOuSy0muPXt1f+czLBZr0Icw8=
181,-176,7OkX4kSmwfUafE9252Cy9p3pGSA=,cELOuSy0muPXt1f+czLBZr0Icw8=
180,-172,7OkX4kSmwfUafE9252Cy9p3pGSA=,cELOuSy0muPXt1f+czLBZr0Icw8=
190,-171,7OkX4kSmwfUafE9252Cy9p3pGSA=,cELOuSy0muPXt1f+czLBZr0Icw8=
181,-171,7OkX4kSmwfUafE9252Cy9p3pGSA=,cELOuSy0muPXt1f+czLBZr0Icw8=
179,-172,7OkX4kSmwfUafE9252Cy9p3pGSA=,cELOuSy0muPXt1f+czLBZr0Icw8=
188,-172,7OkX4kSmwfUafE9252Cy9p3pGSA=,cELOuSy0muPXt1f+czLBZr0Icw8=
177,-174,7OkX4kSmwfUafE9252Cy9p3pGSA=,cELOuSy0muPXt1f+czLBZr0Icw8=
178,-172,7OkX4kSmwfUafE9252Cy9p3pGSA=,cELOuSy0muPXt1f+czLBZr0Icw8=
177,-172,7OkX4kSmwfUafE9252Cy9p3pGSA=,cELOuSy0muPXt1f+czLBZr0Icw8=
191,-173,7OkX4kSmwfUafE9252Cy9p3pGSA=,cELOuSy0muPXt1f+czLBZr0Icw8=
190,-173,7OkX4kSmwfUafE9252Cy9p3pGSA=,cELOuSy0muPXt1f+czLBZr0Icw8=
181,-172,7OkX4kSmwfUafE9252Cy9p3pGSA=,cELOuSy0muPXt1f+czLBZr0Icw8=
176,-172,7OkX4kSmwfUafE9252Cy9p3pGSA=,cELOuSy0muPXt1f+czLBZr0Icw8=
178,-171,7OkX4kSmwfUafE9252Cy9p3pGSA=,cELOuSy0muPXt1f+czLBZr0Icw8=
188,-189,7OkX4kSmwfUafE9252Cy9p3pGSA=,Voc9b/TgHyVBEauZxF8ZzVZ3v5A=
188,-190,7OkX4kSmwfUafE9252Cy9p3pGSA=,Voc9b/TgHyVBEauZxF8ZzVZ3v5A=
189,-190,7OkX4kSmwfUafE9252Cy9p3pGSA=,Voc9b/TgHyVBEauZxF8ZzVZ3v5A=
187,-190,7OkX4kSmwfUafE9252Cy9p3pGSA=,Voc9b/TgHyVBEauZxF8ZzVZ3v5A=
186,-190,7OkX4kSmwfUafE9252Cy9p3pGSA=,Voc9b/TgHyVBEauZxF8ZzVZ3v5A=
191,-191,7OkX4kSmwfUafE9252Cy9p3pGSA=,Voc9b/TgHyVBEauZxF8ZzVZ3v5A=
187,-189,7OkX4kSmwfUafE9252Cy9p3pGSA=,Voc9b/TgHyVBEauZxF8ZzVZ3v5A=
184,-190,7OkX4kSmwfUafE9252Cy9p3pGSA=,Voc9b/TgHyVBEauZxF8ZzVZ3v5A=
190,-177,7OkX4kSmwfUafE9252Cy9p3pGSA=,Voc9b/TgHyVBEauZxF8ZzVZ3v5A=
189,-177,7OkX4kSmwfUafE9252Cy9p3pGSA=,Voc9b/TgHyVBEauZxF8ZzVZ3v5A=
178,-190,7OkX4kSmwfUafE9252Cy9p3pGSA=,Voc9b/TgHyVBEauZxF8ZzVZ3v5A=
183,-190,7OkX4kSmwfUafE9252Cy9p3pGSA=,Voc9b/TgHyVBEauZxF8ZzVZ3v5A=
179,-190,7OkX4kSmwfUafE9252Cy9p3pGSA=,Voc9b/TgHyVBEauZxF8ZzVZ3v5A=
185,-190,7OkX4kSmwfUafE9252Cy9p3pGSA=,Voc9b/TgHyVBEauZxF8ZzVZ3v5A=
177,-190,7OkX4kSmwfUafE9252Cy9p3pGSA=,Voc9b/TgHyVBEauZxF8ZzVZ3v5A=
191,-177,7OkX4kSmwfUafE9252Cy9p3pGSA=,Voc9b/TgHyVBEauZxF8ZzVZ3v5A=
182,-190,7OkX4kSmwfUafE9252Cy9p3pGSA=,Voc9b/TgHyVBEauZxF8ZzVZ3v5A=
186,-189,7OkX4kSmwfUafE9252Cy9p3pGSA=,Voc9b/TgHyVBEauZxF8ZzVZ3v5A=
179,-192,7OkX4kSmwfUafE9252Cy9p3pGSA=,Voc9b/TgHyVBEauZxF8ZzVZ3v5A=
176,-190,7OkX4kSmwfUafE9252Cy9p3pGSA=,Voc9b/TgHyVBEauZxF8ZzVZ3v5A=
181,-190,7OkX4kSmwfUafE9252Cy9p3pGSA=,Voc9b/TgHyVBEauZxF8ZzVZ3v5A=
180,-190,7OkX4kSmwfUafE9252Cy9p3pGSA=,Voc9b/TgHyVBEauZxF8ZzVZ3v5A=
179,-177,7OkX4kSmwfUafE9252Cy9p3pGSA=,Voc9b/TgHyVBEauZxF8ZzVZ3v5A=
190,-191,7OkX4kSmwfUafE9252Cy9p3pGSA=,Voc9b/TgHyVBEauZxF8ZzVZ3v5A=
180,-177,7OkX4kSmwfUafE9252Cy9p3pGSA=,Voc9b/TgHyVBEauZxF8ZzVZ3v5A=
189,-178,7OkX4kSmwfUafE9252Cy9p3pGSA=,Voc9b/TgHyVBEauZxF8ZzVZ3v5A=
178,-192,7OkX4kSmwfUafE9252Cy9p3pGSA=,Voc9b/TgHyVBEauZxF8ZzVZ3v5A=
188,-177,7OkX4kSmwfUafE9252Cy9p3pGSA=,Voc9b/TgHyVBEauZxF8ZzVZ3v5A=
178,-177,7OkX4kSmwfUafE9252Cy9p3pGSA=,Voc9b/TgHyVBEauZxF8ZzVZ3v5A=
186,-177,7OkX4kSmwfUafE9252Cy9p3pGSA=,Voc9b/TgHyVBEauZxF8ZzVZ3v5A=
176,-177,7OkX4kSmwfUafE9252Cy9p3pGSA=,Voc9b/TgHyVBEauZxF8ZzVZ3v5A=
184,-177,7OkX4kSmwfUafE9252Cy9p3pGSA=,Voc9b/TgHyVBEauZxF8ZzVZ3v5A=
187,-177,7OkX4kSmwfUafE9252Cy9p3pGSA=,Voc9b/TgHyVBEauZxF8ZzVZ3v5A=
190,-178,7OkX4kSmwfUafE9252Cy9p3pGSA=,Voc9b/TgHyVBEauZxF8ZzVZ3v5A=
183,-177,7OkX4kSmwfUafE9252Cy9p3pGSA=,Voc9b/TgHyVBEauZxF8ZzVZ3v5A=
182,-177,7OkX4kSmwfUafE9252Cy9p3pGSA=,Voc9b/TgHyVBEauZxF8ZzVZ3v5A=
185,-177,7OkX4kSmwfUafE9252Cy9p3pGSA=,Voc9b/TgHyVBEauZxF8ZzVZ3v5A=
188,-178,7OkX4kSmwfUafE9252Cy9p3pGSA=,Voc9b/TgHyVBEauZxF8ZzVZ3v5A=
191,-178,7OkX4kSmwfUafE9252Cy9p3pGSA=,Voc9b/TgHyVBEauZxF8ZzVZ3v5A=
180,-178,7OkX4kSmwfUafE9252Cy9p3pGSA=,Voc9b/TgHyVBEauZxF8ZzVZ3v5A=
181,-178,7OkX4kSmwfUafE9252Cy9p3pGSA=,Voc9b/TgHyVBEauZxF8ZzVZ3v5A=
177,-177,7OkX4kSmwfUafE9252Cy9p3pGSA=,Voc9b/TgHyVBEauZxF8ZzVZ3v5A=
186,-178,7OkX4kSmwfUafE9252Cy9p3pGSA=,Voc9b/TgHyVBEauZxF8ZzVZ3v5A=
187,-178,7OkX4kSmwfUafE9252Cy9p3pGSA=,Voc9b/TgHyVBEauZxF8ZzVZ3v5A=
182,-178,7OkX4kSmwfUafE9252Cy9p3pGSA=,Voc9b/TgHyVBEauZxF8ZzVZ3v5A=
179,-178,7OkX4kSmwfUafE9252Cy9p3pGSA=,Voc9b/TgHyVBEauZxF8ZzVZ3v5A=
185,-178,7OkX4kSmwfUafE9252Cy9p3pGSA=,Voc9b/TgHyVBEauZxF8ZzVZ3v5A=
177,-191,7OkX4kSmwfUafE9252Cy9p3pGSA=,Voc9b/TgHyVBEauZxF8ZzVZ3v5A=
184,-178,7OkX4kSmwfUafE9252Cy9p3pGSA=,Voc9b/TgHyVBEauZxF8ZzVZ3v5A=
183,-178,7OkX4kSmwfUafE9252Cy9p3pGSA=,Voc9b/TgHyVBEauZxF8ZzVZ3v5A=
178,-178,7OkX4kSmwfUafE9252Cy9p3pGSA=,Voc9b/TgHyVBEauZxF8ZzVZ3v5A=
190,-179,7OkX4kSmwfUafE9252Cy9p3pGSA=,Voc9b/TgHyVBEauZxF8ZzVZ3v5A=
176,-191,7OkX4kSmwfUafE9252Cy9p3pGSA=,Voc9b/TgHyVBEauZxF8ZzVZ3v5A=
188,-179,7OkX4kSmwfUafE9252Cy9p3pGSA=,Voc9b/TgHyVBEauZxF8ZzVZ3v5A=
189,-191,7OkX4kSmwfUafE9252Cy9p3pGSA=,Voc9b/TgHyVBEauZxF8ZzVZ3v5A=
191,-192,7OkX4kSmwfUafE9252Cy9p3pGSA=,Voc9b/TgHyVBEauZxF8ZzVZ3v5A=
189,-179,7OkX4kSmwfUafE9252Cy9p3pGSA=,Voc9b/TgHyVBEauZxF8ZzVZ3v5A=
177,-192,7OkX4kSmwfUafE9252Cy9p3pGSA=,Voc9b/TgHyVBEauZxF8ZzVZ3v5A=
176,-178,7OkX4kSmwfUafE9252Cy9p3pGSA=,Voc9b/TgHyVBEauZxF8ZzVZ3v5A=
188,-191,7OkX4kSmwfUafE9252Cy9p3pGSA=,Voc9b/TgHyVBEauZxF8ZzVZ3v5A=
177,-178,7OkX4kSmwfUafE9252Cy9p3pGSA=,Voc9b/TgHyVBEauZxF8ZzVZ3v5A=
185,-189,7OkX4kSmwfUafE9252Cy9p3pGSA=,Voc9b/TgHyVBEauZxF8ZzVZ3v5A=
191,-180,7OkX4kSmwfUafE9252Cy9p3pGSA=,Voc9b/TgHyVBEauZxF8ZzVZ3v5A=
190,-180,7OkX4kSmwfUafE9252Cy9p3pGSA=,Voc9b/TgHyVBEauZxF8ZzVZ3v5A=
181,-179,7OkX4kSmwfUafE9252Cy9p3pGSA=,Voc9b/TgHyVBEauZxF8ZzVZ3v5A=
189,-180,7OkX4kSmwfUafE9252Cy9p3pGSA=,Voc9b/TgHyVBEauZxF8ZzVZ3v5A=
181,-177,7OkX4kSmwfUafE9252Cy9p3pGSA=,Voc9b/TgHyVBEauZxF8ZzVZ3v5A=
176,-179,7OkX4kSmwfUafE9252Cy9p3pGSA=,Voc9b/TgHyVBEauZxF8ZzVZ3v5A=
191,-179,7OkX4kSmwfUafE9252Cy9p3pGSA=,Voc9b/TgHyVBEauZxF8ZzVZ3v5A=
177,-179,7OkX4kSmwfUafE9252Cy9p3pGSA=,Voc9b/TgHyVBEauZxF8ZzVZ3v5A=
187,-179,7OkX4kSmwfUafE9252Cy9p3pGSA=,Voc9b/TgHyVBEauZxF8ZzVZ3v5A=
184,-189,7OkX4kSmwfUafE9252Cy9p3pGSA=,Voc9b/TgHyVBEauZxF8ZzVZ3v5A=
183,-179,7OkX4kSmwfUafE9252Cy9p3pGSA=,Voc9b/TgHyVBEauZxF8ZzVZ3v5A=
179,-179,7OkX4kSmwfUafE9252Cy9p3pGSA=,Voc9b/TgHyVBEauZxF8ZzVZ3v5A=
190,-192,7OkX4kSmwfUafE9252Cy9p3pGSA=,Voc9b/TgHyVBEauZxF8ZzVZ3v5A=
182,-179,7OkX4kSmwfUafE9252Cy9p3pGSA=,Voc9b/TgHyVBEauZxF8ZzVZ3v5A=
185,-179,7OkX4kSmwfUafE9252Cy9p3pGSA=,Voc9b/TgHyVBEauZxF8ZzVZ3v5A=
186,-179,7OkX4kSmwfUafE9252Cy9p3pGSA=,Voc9b/TgHyVBEauZxF8ZzVZ3v5A=
178,-179,7OkX4kSmwfUafE9252Cy9p3pGSA=,Voc9b/TgHyVBEauZxF8ZzVZ3v5A=
187,-191,7OkX4kSmwfUafE9252Cy9p3pGSA=,Voc9b/TgHyVBEauZxF8ZzVZ3v5A=
180,-179,7OkX4kSmwfUafE9252Cy9p3pGSA=,Voc9b/TgHyVBEauZxF8ZzVZ3v5A=
191,-181,7OkX4kSmwfUafE9252Cy9p3pGSA=,Voc9b/TgHyVBEauZxF8ZzVZ3v5A=
190,-181,7OkX4kSmwfUafE9252Cy9p3pGSA=,Voc9b/TgHyVBEauZxF8ZzVZ3v5A=
184,-179,7OkX4kSmwfUafE9252Cy9p3pGSA=,Voc9b/TgHyVBEauZxF8ZzVZ3v5A=
187,-180,7OkX4kSmwfUafE9252Cy9p3pGSA=,Voc9b/TgHyVBEauZxF8ZzVZ3v5A=
188,-180,7OkX4kSmwfUafE9252Cy9p3pGSA=,Voc9b/TgHyVBEauZxF8ZzVZ3v5A=
189,-181,7OkX4kSmwfUafE9252Cy9p3pGSA=,Voc9b/TgHyVBEauZxF8ZzVZ3v5A=
181,-180,7OkX4kSmwfUafE9252Cy9p3pGSA=,Voc9b/TgHyVBEauZxF8ZzVZ3v5A=
176,-180,7OkX4kSmwfUafE9252Cy9p3pGSA=,Voc9b/TgHyVBEauZxF8ZzVZ3v5A=
182,-180,7OkX4kSmwfUafE9252Cy9p3pGSA=,Voc9b/TgHyVBEauZxF8ZzVZ3v5A=
177,-180,7OkX4kSmwfUafE9252Cy9p3pGSA=,Voc9b/TgHyVBEauZxF8ZzVZ3v5A=
185,-180,7OkX4kSmwfUafE9252Cy9p3pGSA=,Voc9b/TgHyVBEauZxF8ZzVZ3v5A=
189,-192,7OkX4kSmwfUafE9252Cy9p3pGSA=,Voc9b/TgHyVBEauZxF8ZzVZ3v5A=
186,-180,7OkX4kSmwfUafE9252Cy9p3pGSA=,Voc9b/TgHyVBEauZxF8ZzVZ3v5A=
184,-180,7OkX4kSmwfUafE9252Cy9p3pGSA=,Voc9b/TgHyVBEauZxF8ZzVZ3v5A=
180,-180,7OkX4kSmwfUafE9252Cy9p3pGSA=,Voc9b/TgHyVBEauZxF8ZzVZ3v5A=
183,-181,7OkX4kSmwfUafE9252Cy9p3pGSA=,Voc9b/TgHyVBEauZxF8ZzVZ3v5A=
183,-180,7OkX4kSmwfUafE9252Cy9p3pGSA=,Voc9b/TgHyVBEauZxF8ZzVZ3v5A=
181,-181,7OkX4kSmwfUafE9252Cy9p3pGSA=,Voc9b/TgHyVBEauZxF8ZzVZ3v5A=
186,-191,7OkX4kSmwfUafE9252Cy9p3pGSA=,Voc9b/TgHyVBEauZxF8ZzVZ3v5A=
191,-182,7OkX4kSmwfUafE9252Cy9p3pGSA=,Voc9b/TgHyVBEauZxF8ZzVZ3v5A=
190,-182,7OkX4kSmwfUafE9252Cy9p3pGSA=,Voc9b/TgHyVBEauZxF8ZzVZ3v5A=
178,-180,7OkX4kSmwfUafE9252Cy9p3pGSA=,Voc9b/TgHyVBEauZxF8ZzVZ3v5A=
183,-189,7OkX4kSmwfUafE9252Cy9p3pGSA=,Voc9b/TgHyVBEauZxF8ZzVZ3v5A=
182,-181,7OkX4kSmwfUafE9252Cy9p3pGSA=,Voc9b/TgHyVBEauZxF8ZzVZ3v5A=
179,-180,7OkX4kSmwfUafE9252Cy9p3pGSA=,Voc9b/TgHyVBEauZxF8ZzVZ3v5A=
188,-181,7OkX4kSmwfUafE9252Cy9p3pGSA=,Voc9b/TgHyVBEauZxF8ZzVZ3v5A=
186,-181,7OkX4kSmwfUafE9252Cy9p3pGSA=,Voc9b/TgHyVBEauZxF8ZzVZ3v5A=
187,-181,7OkX4kSmwfUafE9252Cy9p3pGSA=,Voc9b/TgHyVBEauZxF8ZzVZ3v5A=
180,-181,7OkX4kSmwfUafE9252Cy9p3pGSA=,Voc9b/TgHyVBEauZxF8ZzVZ3v5A=
189,-182,7OkX4kSmwfUafE9252Cy9p3pGSA=,Voc9b/TgHyVBEauZxF8ZzVZ3v5A=
188,-192,7OkX4kSmwfUafE9252Cy9p3pGSA=,Voc9b/TgHyVBEauZxF8ZzVZ3v5A=
185,-181,7OkX4kSmwfUafE9252Cy9p3pGSA=,Voc9b/TgHyVBEauZxF8ZzVZ3v5A=
178,-181,7OkX4kSmwfUafE9252Cy9p3pGSA=,Voc9b/TgHyVBEauZxF8ZzVZ3v5A=
179,-181,7OkX4kSmwfUafE9252Cy9p3pGSA=,Voc9b/TgHyVBEauZxF8ZzVZ3v5A=
184,-181,7OkX4kSmwfUafE9252Cy9p3pGSA=,Voc9b/TgHyVBEauZxF8ZzVZ3v5A=
177,-181,7OkX4kSmwfUafE9252Cy9p3pGSA=,Voc9b/TgHyVBEauZxF8ZzVZ3v5A=
185,-191,7OkX4kSmwfUafE9252Cy9p3pGSA=,Voc9b/TgHyVBEauZxF8ZzVZ3v5A=
181,-182,7OkX4kSmwfUafE9252Cy9p3pGSA=,Voc9b/TgHyVBEauZxF8ZzVZ3v5A=
191,-183,7OkX4kSmwfUafE9252Cy9p3pGSA=,Voc9b/TgHyVBEauZxF8ZzVZ3v5A=
190,-183,7OkX4kSmwfUafE9252Cy9p3pGSA=,Voc9b/TgHyVBEauZxF8ZzVZ3v5A=
182,-189,7OkX4kSmwfUafE9252Cy9p3pGSA=,Voc9b/TgHyVBEauZxF8ZzVZ3v5A=
184,-182,7OkX4kSmwfUafE9252Cy9p3pGSA=,Voc9b/TgHyVBEauZxF8ZzVZ3v5A=
182,-182,7OkX4kSmwfUafE9252Cy9p3pGSA=,Voc9b/TgHyVBEauZxF8ZzVZ3v5A=
189,-183,7OkX4kSmwfUafE9252Cy9p3pGSA=,Voc9b/TgHyVBEauZxF8ZzVZ3v5A=
183,-182,7OkX4kSmwfUafE9252Cy9p3pGSA=,Voc9b/TgHyVBEauZxF8ZzVZ3v5A=
180,-182,7OkX4kSmwfUafE9252Cy9p3pGSA=,Voc9b/TgHyVBEauZxF8ZzVZ3v5A=
187,-192,7OkX4kSmwfUafE9252Cy9p3pGSA=,Voc9b/TgHyVBEauZxF8ZzVZ3v5A=
187,-182,7OkX4kSmwfUafE9252Cy9p3pGSA=,Voc9b/TgHyVBEauZxF8ZzVZ3v5A=
178,-182,7OkX4kSmwfUafE9252Cy9p3pGSA=,Voc9b/TgHyVBEauZxF8ZzVZ3v5A=
188,-182,7OkX4kSmwfUafE9252Cy9p3pGSA=,Voc9b/TgHyVBEauZxF8ZzVZ3v5A=
187,-183,7OkX4kSmwfUafE9252Cy9p3pGSA=,Voc9b/TgHyVBEauZxF8ZzVZ3v5A=
186,-182,7OkX4kSmwfUafE9252Cy9p3pGSA=,Voc9b/TgHyVBEauZxF8ZzVZ3v5A=
179,-182,7OkX4kSmwfUafE9252Cy9p3pGSA=,Voc9b/TgHyVBEauZxF8ZzVZ3v5A=
188,-183,7OkX4kSmwfUafE9252Cy9p3pGSA=,Voc9b/TgHyVBEauZxF8ZzVZ3v5A=
184,-191,7OkX4kSmwfUafE9252Cy9p3pGSA=,Voc9b/TgHyVBEauZxF8ZzVZ3v5A=
185,-182,7OkX4kSmwfUafE9252Cy9p3pGSA=,Voc9b/TgHyVBEauZxF8ZzVZ3v5A=
176,-181,7OkX4kSmwfUafE9252Cy9p3pGSA=,Voc9b/TgHyVBEauZxF8ZzVZ3v5A=
191,-184,7OkX4kSmwfUafE9252Cy9p3pGSA=,Voc9b/TgHyVBEauZxF8ZzVZ3v5A=
186,-183,7OkX4kSmwfUafE9252Cy9p3pGSA=,Voc9b/TgHyVBEauZxF8ZzVZ3v5A=
190,-184,7OkX4kSmwfUafE9252Cy9p3pGSA=,Voc9b/TgHyVBEauZxF8ZzVZ3v5A=
181,-189,7OkX4kSmwfUafE9252Cy9p3pGSA=,Voc9b/TgHyVBEauZxF8ZzVZ3v5A=
182,-183,7OkX4kSmwfUafE9252Cy9p3pGSA=,Voc9b/TgHyVBEauZxF8ZzVZ3v5A=
181,-183,7OkX4kSmwfUafE9252Cy9p3pGSA=,Voc9b/TgHyVBEauZxF8ZzVZ3v5A=
185,-183,7OkX4kSmwfUafE9252Cy9p3pGSA=,Voc9b/TgHyVBEauZxF8ZzVZ3v5A=
180,-183,7OkX4kSmwfUafE9252Cy9p3pGSA=,Voc9b/TgHyVBEauZxF8ZzVZ3v5A=
186,-192,7OkX4kSmwfUafE9252Cy9p3pGSA=,Voc9b/TgHyVBEauZxF8ZzVZ3v5A=
189,-184,7OkX4kSmwfUafE9252Cy9p3pGSA=,Voc9b/TgHyVBEauZxF8ZzVZ3v5A=
184,-183,7OkX4kSmwfUafE9252Cy9p3pGSA=,Voc9b/TgHyVBEauZxF8ZzVZ3v5A=
183,-183,7OkX4kSmwfUafE9252Cy9p3pGSA=,Voc9b/TgHyVBEauZxF8ZzVZ3v5A=
177,-182,7OkX4kSmwfUafE9252Cy9p3pGSA=,Voc9b/TgHyVBEauZxF8ZzVZ3v5A=
178,-183,7OkX4kSmwfUafE9252Cy9p3pGSA=,Voc9b/TgHyVBEauZxF8ZzVZ3v5A=
187,-184,7OkX4kSmwfUafE9252Cy9p3pGSA=,Voc9b/TgHyVBEauZxF8ZzVZ3v5A=
176,-182,7OkX4kSmwfUafE9252Cy9p3pGSA=,Voc9b/TgHyVBEauZxF8ZzVZ3v5A=
182,-184,7OkX4kSmwfUafE9252Cy9p3pGSA=,Voc9b/TgHyVBEauZxF8ZzVZ3v5A=
180,-189,7OkX4kSmwfUafE9252Cy9p3pGSA=,Voc9b/TgHyVBEauZxF8ZzVZ3v5A=
179,-183,7OkX4kSmwfUafE9252Cy9p3pGSA=,Voc9b/TgHyVBEauZxF8ZzVZ3v5A=
191,-185,7OkX4kSmwfUafE9252Cy9p3pGSA=,Voc9b/TgHyVBEauZxF8ZzVZ3v5A=
190,-185,7OkX4kSmwfUafE9252Cy9p3pGSA=,Voc9b/TgHyVBEauZxF8ZzVZ3v5A=
176,-183,7OkX4kSmwfUafE9252Cy9p3pGSA=,Voc9b/TgHyVBEauZxF8ZzVZ3v5A=
180,-184,7OkX4kSmwfUafE9252Cy9p3pGSA=,Voc9b/TgHyVBEauZxF8ZzVZ3v5A=
186,-184,7OkX4kSmwfUafE9252Cy9p3pGSA=,Voc9b/TgHyVBEauZxF8ZzVZ3v5A=
184,-184,7OkX4kSmwfUafE9252Cy9p3pGSA=,Voc9b/TgHyVBEauZxF8ZzVZ3v5A=
181,-184,7OkX4kSmwfUafE9252Cy9p3pGSA=,Voc9b/TgHyVBEauZxF8ZzVZ3v5A=
185,-192,7OkX4kSmwfUafE9252Cy9p3pGSA=,Voc9b/TgHyVBEauZxF8ZzVZ3v5A=
178,-184,7OkX4kSmwfUafE9252Cy9p3pGSA=,Voc9b/TgHyVBEauZxF8ZzVZ3v5A=
185,-184,7OkX4kSmwfUafE9252Cy9p3pGSA=,Voc9b/TgHyVBEauZxF8ZzVZ3v5A=
183,-184,7OkX4kSmwfUafE9252Cy9p3pGSA=,Voc9b/TgHyVBEauZxF8ZzVZ3v5A=
179,-184,7OkX4kSmwfUafE9252Cy9p3pGSA=,Voc9b/TgHyVBEauZxF8ZzVZ3v5A=
189,-185,7OkX4kSmwfUafE9252Cy9p3pGSA=,Voc9b/TgHyVBEauZxF8ZzVZ3v5A=
183,-191,7OkX4kSmwfUafE9252Cy9p3pGSA=,Voc9b/TgHyVBEauZxF8ZzVZ3v5A=
177,-183,7OkX4kSmwfUafE9252Cy9p3pGSA=,Voc9b/TgHyVBEauZxF8ZzVZ3v5A=
182,-185,7OkX4kSmwfUafE9252Cy9p3pGSA=,Voc9b/TgHyVBEauZxF8ZzVZ3v5A=
188,-184,7OkX4kSmwfUafE9252Cy9p3pGSA=,Voc9b/TgHyVBEauZxF8ZzVZ3v5A=
176,-184,7OkX4kSmwfUafE9252Cy9p3pGSA=,Voc9b/TgHyVBEauZxF8ZzVZ3v5A=
179,-189,7OkX4kSmwfUafE9252Cy9p3pGSA=,Voc9b/TgHyVBEauZxF8ZzVZ3v5A=
191,-186,7OkX4kSmwfUafE9252Cy9p3pGSA=,Voc9b/TgHyVBEauZxF8ZzVZ3v5A=
190,-186,7OkX4kSmwfUafE9252Cy9p3pGSA=,Voc9b/TgHyVBEauZxF8ZzVZ3v5A=
183,-185,7OkX4kSmwfUafE9252Cy9p3pGSA=,Voc9b/TgHyVBEauZxF8ZzVZ3v5A=
180,-185,7OkX4kSmwfUafE9252Cy9p3pGSA=,Voc9b/TgHyVBEauZxF8ZzVZ3v5A=
177,-184,7OkX4kSmwfUafE9252Cy9p3pGSA=,Voc9b/TgHyVBEauZxF8ZzVZ3v5A=
188,-185,7OkX4kSmwfUafE9252Cy9p3pGSA=,Voc9b/TgHyVBEauZxF8ZzVZ3v5A=
181,-185,7OkX4kSmwfUafE9252Cy9p3pGSA=,Voc9b/TgHyVBEauZxF8ZzVZ3v5A=
184,-192,7OkX4kSmwfUafE9252Cy9p3pGSA=,Voc9b/TgHyVBEauZxF8ZzVZ3v5A=
178,-189,7OkX4kSmwfUafE9252Cy9p3pGSA=,Voc9b/TgHyVBEauZxF8ZzVZ3v5A=
184,-185,7OkX4kSmwfUafE9252Cy9p3pGSA=,Voc9b/TgHyVBEauZxF8ZzVZ3v5A=
188,-186,7OkX4kSmwfUafE9252Cy9p3pGSA=,Voc9b/TgHyVBEauZxF8ZzVZ3v5A=
189,-186,7OkX4kSmwfUafE9252Cy9p3pGSA=,Voc9b/TgHyVBEauZxF8ZzVZ3v5A=
179,-185,7OkX4kSmwfUafE9252Cy9p3pGSA=,Voc9b/TgHyVBEauZxF8ZzVZ3v5A=
187,-185,7OkX4kSmwfUafE9252Cy9p3pGSA=,Voc9b/TgHyVBEauZxF8ZzVZ3v5A=
185,-185,7OkX4kSmwfUafE9252Cy9p3pGSA=,Voc9b/TgHyVBEauZxF8ZzVZ3v5A=
186,-185,7OkX4kSmwfUafE9252Cy9p3pGSA=,Voc9b/TgHyVBEauZxF8ZzVZ3v5A=
177,-189,7OkX4kSmwfUafE9252Cy9p3pGSA=,Voc9b/TgHyVBEauZxF8ZzVZ3v5A=
176,-185,7OkX4kSmwfUafE9252Cy9p3pGSA=,Voc9b/TgHyVBEauZxF8ZzVZ3v5A=
178,-185,7OkX4kSmwfUafE9252Cy9p3pGSA=,Voc9b/TgHyVBEauZxF8ZzVZ3v5A=
177,-185,7OkX4kSmwfUafE9252Cy9p3pGSA=,Voc9b/TgHyVBEauZxF8ZzVZ3v5A=
191,-187,7OkX4kSmwfUafE9252Cy9p3pGSA=,Voc9b/TgHyVBEauZxF8ZzVZ3v5A=
190,-187,7OkX4kSmwfUafE9252Cy9p3pGSA=,Voc9b/TgHyVBEauZxF8ZzVZ3v5A=
189,-187,7OkX4kSmwfUafE9252Cy9p3pGSA=,Voc9b/TgHyVBEauZxF8ZzVZ3v5A=
182,-186,7OkX4kSmwfUafE9252Cy9p3pGSA=,Voc9b/TgHyVBEauZxF8ZzVZ3v5A=
181,-186,7OkX4kSmwfUafE9252Cy9p3pGSA=,Voc9b/TgHyVBEauZxF8ZzVZ3v5A=
188,-187,7OkX4kSmwfUafE9252Cy9p3pGSA=,Voc9b/TgHyVBEauZxF8ZzVZ3v5A=
183,-186,7OkX4kSmwfUafE9252Cy9p3pGSA=,Voc9b/TgHyVBEauZxF8ZzVZ3v5A=
187,-186,7OkX4kSmwfUafE9252Cy9p3pGSA=,Voc9b/TgHyVBEauZxF8ZzVZ3v5A=
183,-192,7OkX4kSmwfUafE9252Cy9p3pGSA=,Voc9b/TgHyVBEauZxF8ZzVZ3v5A=
182,-191,7OkX4kSmwfUafE9252Cy9p3pGSA=,Voc9b/TgHyVBEauZxF8ZzVZ3v5A=
180,-186,7OkX4kSmwfUafE9252Cy9p3pGSA=,Voc9b/TgHyVBEauZxF8ZzVZ3v5A=
177,-186,7OkX4kSmwfUafE9252Cy9p3pGSA=,Voc9b/TgHyVBEauZxF8ZzVZ3v5A=
178,-186,7OkX4kSmwfUafE9252Cy9p3pGSA=,Voc9b/TgHyVBEauZxF8ZzVZ3v5A=
176,-186,7OkX4kSmwfUafE9252Cy9p3pGSA=,Voc9b/TgHyVBEauZxF8ZzVZ3v5A=
179,-186,7OkX4kSmwfUafE9252Cy9p3pGSA=,Voc9b/TgHyVBEauZxF8ZzVZ3v5A=
186,-186,7OkX4kSmwfUafE9252Cy9p3pGSA=,Voc9b/TgHyVBEauZxF8ZzVZ3v5A=
187,-187,7OkX4kSmwfUafE9252Cy9p3pGSA=,Voc9b/TgHyVBEauZxF8ZzVZ3v5A=
185,-186,7OkX4kSmwfUafE9252Cy9p3pGSA=,Voc9b/TgHyVBEauZxF8ZzVZ3v5A=
176,-189,7OkX4kSmwfUafE9252Cy9p3pGSA=,Voc9b/TgHyVBEauZxF8ZzVZ3v5A=
191,-188,7OkX4kSmwfUafE9252Cy9p3pGSA=,Voc9b/TgHyVBEauZxF8ZzVZ3v5A=
190,-188,7OkX4kSmwfUafE9252Cy9p3pGSA=,Voc9b/TgHyVBEauZxF8ZzVZ3v5A=
189,-188,7OkX4kSmwfUafE9252Cy9p3pGSA=,Voc9b/TgHyVBEauZxF8ZzVZ3v5A=
184,-186,7OkX4kSmwfUafE9252Cy9p3pGSA=,Voc9b/TgHyVBEauZxF8ZzVZ3v5A=
188,-188,7OkX4kSmwfUafE9252Cy9p3pGSA=,Voc9b/TgHyVBEauZxF8ZzVZ3v5A=
191,-190,7OkX4kSmwfUafE9252Cy9p3pGSA=,Voc9b/TgHyVBEauZxF8ZzVZ3v5A=
181,-191,7OkX4kSmwfUafE9252Cy9p3pGSA=,Voc9b/TgHyVBEauZxF8ZzVZ3v5A=
181,-187,7OkX4kSmwfUafE9252Cy9p3pGSA=,Voc9b/TgHyVBEauZxF8ZzVZ3v5A=
182,-187,7OkX4kSmwfUafE9252Cy9p3pGSA=,Voc9b/TgHyVBEauZxF8ZzVZ3v5A=
180,-191,7OkX4kSmwfUafE9252Cy9p3pGSA=,Voc9b/TgHyVBEauZxF8ZzVZ3v5A=
176,-187,7OkX4kSmwfUafE9252Cy9p3pGSA=,Voc9b/TgHyVBEauZxF8ZzVZ3v5A=
179,-187,7OkX4kSmwfUafE9252Cy9p3pGSA=,Voc9b/TgHyVBEauZxF8ZzVZ3v5A=
177,-187,7OkX4kSmwfUafE9252Cy9p3pGSA=,Voc9b/TgHyVBEauZxF8ZzVZ3v5A=
186,-187,7OkX4kSmwfUafE9252Cy9p3pGSA=,Voc9b/TgHyVBEauZxF8ZzVZ3v5A=
185,-187,7OkX4kSmwfUafE9252Cy9p3pGSA=,Voc9b/TgHyVBEauZxF8ZzVZ3v5A=
183,-187,7OkX4kSmwfUafE9252Cy9p3pGSA=,Voc9b/TgHyVBEauZxF8ZzVZ3v5A=
178,-187,7OkX4kSmwfUafE9252Cy9p3pGSA=,Voc9b/TgHyVBEauZxF8ZzVZ3v5A=
187,-188,7OkX4kSmwfUafE9252Cy9p3pGSA=,Voc9b/TgHyVBEauZxF8ZzVZ3v5A=
184,-187,7OkX4kSmwfUafE9252Cy9p3pGSA=,Voc9b/TgHyVBEauZxF8ZzVZ3v5A=
186,-188,7OkX4kSmwfUafE9252Cy9p3pGSA=,Voc9b/TgHyVBEauZxF8ZzVZ3v5A=
191,-189,7OkX4kSmwfUafE9252Cy9p3pGSA=,Voc9b/TgHyVBEauZxF8ZzVZ3v5A=
182,-192,7OkX4kSmwfUafE9252Cy9p3pGSA=,Voc9b/TgHyVBEauZxF8ZzVZ3v5A=
190,-189,7OkX4kSmwfUafE9252Cy9p3pGSA=,Voc9b/TgHyVBEauZxF8ZzVZ3v5A=
189,-189,7OkX4kSmwfUafE9252Cy9p3pGSA=,Voc9b/TgHyVBEauZxF8ZzVZ3v5A=
179,-191,7OkX4kSmwfUafE9252Cy9p3pGSA=,Voc9b/TgHyVBEauZxF8ZzVZ3v5A=
190,-190,7OkX4kSmwfUafE9252Cy9p3pGSA=,Voc9b/TgHyVBEauZxF8ZzVZ3v5A=
180,-187,7OkX4kSmwfUafE9252Cy9p3pGSA=,Voc9b/TgHyVBEauZxF8ZzVZ3v5A=
178,-188,7OkX4kSmwfUafE9252Cy9p3pGSA=,Voc9b/TgHyVBEauZxF8ZzVZ3v5A=
179,-188,7OkX4kSmwfUafE9252Cy9p3pGSA=,Voc9b/TgHyVBEauZxF8ZzVZ3v5A=
180,-188,7OkX4kSmwfUafE9252Cy9p3pGSA=,Voc9b/TgHyVBEauZxF8ZzVZ3v5A=
181,-188,7OkX4kSmwfUafE9252Cy9p3pGSA=,Voc9b/TgHyVBEauZxF8ZzVZ3v5A=
185,-188,7OkX4kSmwfUafE9252Cy9p3pGSA=,Voc9b/TgHyVBEauZxF8ZzVZ3v5A=
182,-188,7OkX4kSmwfUafE9252Cy9p3pGSA=,Voc9b/TgHyVBEauZxF8ZzVZ3v5A=
176,-188,7OkX4kSmwfUafE9252Cy9p3pGSA=,Voc9b/TgHyVBEauZxF8ZzVZ3v5A=
184,-188,7OkX4kSmwfUafE9252Cy9p3pGSA=,Voc9b/TgHyVBEauZxF8ZzVZ3v5A=
176,-192,7OkX4kSmwfUafE9252Cy9p3pGSA=,Voc9b/TgHyVBEauZxF8ZzVZ3v5A=
183,-188,7OkX4kSmwfUafE9252Cy9p3pGSA=,Voc9b/TgHyVBEauZxF8ZzVZ3v5A=
177,-188,7OkX4kSmwfUafE9252Cy9p3pGSA=,Voc9b/TgHyVBEauZxF8ZzVZ3v5A=
178,-191,7OkX4kSmwfUafE9252Cy9p3pGSA=,Voc9b/TgHyVBEauZxF8ZzVZ3v5A=
181,-192,7OkX4kSmwfUafE9252Cy9p3pGSA=,Voc9b/TgHyVBEauZxF8ZzVZ3v5A=
180,-192,7OkX4kSmwfUafE9252Cy9p3pGSA=,Voc9b/TgHyVBEauZxF8ZzVZ3v5A=
175,-177,LjiavqIskUCYQD+acJV67UApXrM=,kWXEs0n4yg5tfOXFEHh26ja1Fgc=
175,-191,LjiavqIskUCYQD+acJV67UApXrM=,kWXEs0n4yg5tfOXFEHh26ja1Fgc=
163,-192,LjiavqIskUCYQD+acJV67UApXrM=,kWXEs0n4yg5tfOXFEHh26ja1Fgc=
172,-189,LjiavqIskUCYQD+acJV67UApXrM=,kWXEs0n4yg5tfOXFEHh26ja1Fgc=
172,-190,LjiavqIskUCYQD+acJV67UApXrM=,kWXEs0n4yg5tfOXFEHh26ja1Fgc=
170,-190,LjiavqIskUCYQD+acJV67UApXrM=,kWXEs0n4yg5tfOXFEHh26ja1Fgc=
166,-190,LjiavqIskUCYQD+acJV67UApXrM=,kWXEs0n4yg5tfOXFEHh26ja1Fgc=
167,-190,LjiavqIskUCYQD+acJV67UApXrM=,kWXEs0n4yg5tfOXFEHh26ja1Fgc=
169,-190,LjiavqIskUCYQD+acJV67UApXrM=,kWXEs0n4yg5tfOXFEHh26ja1Fgc=
168,-190,LjiavqIskUCYQD+acJV67UApXrM=,kWXEs0n4yg5tfOXFEHh26ja1Fgc=
173,-190,LjiavqIskUCYQD+acJV67UApXrM=,kWXEs0n4yg5tfOXFEHh26ja1Fgc=
171,-190,LjiavqIskUCYQD+acJV67UApXrM=,kWXEs0n4yg5tfOXFEHh26ja1Fgc=
174,-177,LjiavqIskUCYQD+acJV67UApXrM=,kWXEs0n4yg5tfOXFEHh26ja1Fgc=
165,-190,LjiavqIskUCYQD+acJV67UApXrM=,kWXEs0n4yg5tfOXFEHh26ja1Fgc=
162,-190,LjiavqIskUCYQD+acJV67UApXrM=,kWXEs0n4yg5tfOXFEHh26ja1Fgc=
174,-190,LjiavqIskUCYQD+acJV67UApXrM=,kWXEs0n4yg5tfOXFEHh26ja1Fgc=
164,-190,LjiavqIskUCYQD+acJV67UApXrM=,kWXEs0n4yg5tfOXFEHh26ja1Fgc=
163,-190,LjiavqIskUCYQD+acJV67UApXrM=,kWXEs0n4yg5tfOXFEHh26ja1Fgc=
160,-190,LjiavqIskUCYQD+acJV67UApXrM=,kWXEs0n4yg5tfOXFEHh26ja1Fgc=
161,-190,LjiavqIskUCYQD+acJV67UApXrM=,kWXEs0n4yg5tfOXFEHh26ja1Fgc=
171,-189,LjiavqIskUCYQD+acJV67UApXrM=,kWXEs0n4yg5tfOXFEHh26ja1Fgc=
171,-177,LjiavqIskUCYQD+acJV67UApXrM=,kWXEs0n4yg5tfOXFEHh26ja1Fgc=
169,-177,LjiavqIskUCYQD+acJV67UApXrM=,kWXEs0n4yg5tfOXFEHh26ja1Fgc=
170,-177,LjiavqIskUCYQD+acJV67UApXrM=,kWXEs0n4yg5tfOXFEHh26ja1Fgc=
164,-192,LjiavqIskUCYQD+acJV67UApXrM=,kWXEs0n4yg5tfOXFEHh26ja1Fgc=
168,-177,LjiavqIskUCYQD+acJV67UApXrM=,kWXEs0n4yg5tfOXFEHh26ja1Fgc=
166,-177,LjiavqIskUCYQD+acJV67UApXrM=,kWXEs0n4yg5tfOXFEHh26ja1Fgc=
167,-177,LjiavqIskUCYQD+acJV67UApXrM=,kWXEs0n4yg5tfOXFEHh26ja1Fgc=
163,-177,LjiavqIskUCYQD+acJV67UApXrM=,kWXEs0n4yg5tfOXFEHh26ja1Fgc=
164,-177,LjiavqIskUCYQD+acJV67UApXrM=,kWXEs0n4yg5tfOXFEHh26ja1Fgc=
162,-192,LjiavqIskUCYQD+acJV67UApXrM=,kWXEs0n4yg5tfOXFEHh26ja1Fgc=
175,-178,LjiavqIskUCYQD+acJV67UApXrM=,kWXEs0n4yg5tfOXFEHh26ja1Fgc=
172,-177,LjiavqIskUCYQD+acJV67UApXrM=,kWXEs0n4yg5tfOXFEHh26ja1Fgc=
170,-189,LjiavqIskUCYQD+acJV67UApXrM=,kWXEs0n4yg5tfOXFEHh26ja1Fgc=
160,-177,LjiavqIskUCYQD+acJV67UApXrM=,kWXEs0n4yg5tfOXFEHh26ja1Fgc=
162,-177,LjiavqIskUCYQD+acJV67UApXrM=,kWXEs0n4yg5tfOXFEHh26ja1Fgc=
161,-177,LjiavqIskUCYQD+acJV67UApXrM=,kWXEs0n4yg5tfOXFEHh26ja1Fgc=
174,-178,LjiavqIskUCYQD+acJV67UApXrM=,kWXEs0n4yg5tfOXFEHh26ja1Fgc=
173,-189,LjiavqIskUCYQD+acJV67UApXrM=,kWXEs0n4yg5tfOXFEHh26ja1Fgc=
173,-178,LjiavqIskUCYQD+acJV67UApXrM=,kWXEs0n4yg5tfOXFEHh26ja1Fgc=
172,-178,LjiavqIskUCYQD+acJV67UApXrM=,kWXEs0n4yg5tfOXFEHh26ja1Fgc=
171,-178,LjiavqIskUCYQD+acJV67UApXrM=,kWXEs0n4yg5tfOXFEHh26ja1Fgc=
166,-178,LjiavqIskUCYQD+acJV67UApXrM=,kWXEs0n4yg5tfOXFEHh26ja1Fgc=
174,-189,LjiavqIskUCYQD+acJV67UApXrM=,kWXEs0n4yg5tfOXFEHh26ja1Fgc=
169,-178,LjiavqIskUCYQD+acJV67UApXrM=,kWXEs0n4yg5tfOXFEHh26ja1Fgc=
165,-178,LjiavqIskUCYQD+acJV67UApXrM=,kWXEs0n4yg5tfOXFEHh26ja1Fgc=
168,-178,LjiavqIskUCYQD+acJV67UApXrM=,kWXEs0n4yg5tfOXFEHh26ja1Fgc=
167,-178,LjiavqIskUCYQD+acJV67UApXrM=,kWXEs0n4yg5tfOXFEHh26ja1Fgc=
162,-178,LjiavqIskUCYQD+acJV67UApXrM=,kWXEs0n4yg5tfOXFEHh26ja1Fgc=
163,-178,LjiavqIskUCYQD+acJV67UApXrM=,kWXEs0n4yg5tfOXFEHh26ja1Fgc=
170,-178,LjiavqIskUCYQD+acJV67UApXrM=,kWXEs0n4yg5tfOXFEHh26ja1Fgc=
175,-189,LjiavqIskUCYQD+acJV67UApXrM=,kWXEs0n4yg5tfOXFEHh26ja1Fgc=
161,-178,LjiavqIskUCYQD+acJV67UApXrM=,kWXEs0n4yg5tfOXFEHh26ja1Fgc=
169,-189,LjiavqIskUCYQD+acJV67UApXrM=,kWXEs0n4yg5tfOXFEHh26ja1Fgc=
175,-179,LjiavqIskUCYQD+acJV67UApXrM=,kWXEs0n4yg5tfOXFEHh26ja1Fgc=
174,-179,LjiavqIskUCYQD+acJV67UApXrM=,kWXEs0n4yg5tfOXFEHh26ja1Fgc=
174,-191,LjiavqIskUCYQD+acJV67UApXrM=,kWXEs0n4yg5tfOXFEHh26ja1Fgc=
161,-192,LjiavqIskUCYQD+acJV67UApXrM=,kWXEs0n4yg5tfOXFEHh26ja1Fgc=
160,-178,LjiavqIskUCYQD+acJV67UApXrM=,kWXEs0n4yg5tfOXFEHh26ja1Fgc=
161,-191,LjiavqIskUCYQD+acJV67UApXrM=,kWXEs0n4yg5tfOXFEHh26ja1Fgc=
173,-177,LjiavqIskUCYQD+acJV67UApXrM=,kWXEs0n4yg5tfOXFEHh26ja1Fgc=
173,-179,LjiavqIskUCYQD+acJV67UApXrM=,kWXEs0n4yg5tfOXFEHh26ja1Fgc=
164,-178,LjiavqIskUCYQD+acJV67UApXrM=,kWXEs0n4yg5tfOXFEHh26ja1Fgc=
160,-191,LjiavqIskUCYQD+acJV67UApXrM=,kWXEs0n4yg5tfOXFEHh26ja1Fgc=
168,-179,LjiavqIskUCYQD+acJV67UApXrM=,kWXEs0n4yg5tfOXFEHh26ja1Fgc=
167,-179,LjiavqIskUCYQD+acJV67UApXrM=,kWXEs0n4yg5tfOXFEHh26ja1Fgc=
175,-192,LjiavqIskUCYQD+acJV67UApXrM=,kWXEs0n4yg5tfOXFEHh26ja1Fgc=
165,-179,LjiavqIskUCYQD+acJV67UApXrM=,kWXEs0n4yg5tfOXFEHh26ja1Fgc=
164,-179,LjiavqIskUCYQD+acJV67UApXrM=,kWXEs0n4yg5tfOXFEHh26ja1Fgc=
163,-179,LjiavqIskUCYQD+acJV67UApXrM=,kWXEs0n4yg5tfOXFEHh26ja1Fgc=
166,-179,LjiavqIskUCYQD+acJV67UApXrM=,kWXEs0n4yg5tfOXFEHh26ja1Fgc=
173,-191,LjiavqIskUCYQD+acJV67UApXrM=,kWXEs0n4yg5tfOXFEHh26ja1Fgc=
171,-179,LjiavqIskUCYQD+acJV67UApXrM=,kWXEs0n4yg5tfOXFEHh26ja1Fgc=
162,-179,LjiavqIskUCYQD+acJV67UApXrM=,kWXEs0n4yg5tfOXFEHh26ja1Fgc=
165,-177,LjiavqIskUCYQD+acJV67UApXrM=,kWXEs0n4yg5tfOXFEHh26ja1Fgc=
168,-189,LjiavqIskUCYQD+acJV67UApXrM=,kWXEs0n4yg5tfOXFEHh26ja1Fgc=
169,-179,LjiavqIskUCYQD+acJV67UApXrM=,kWXEs0n4yg5tfOXFEHh26ja1Fgc=
161,-179,LjiavqIskUCYQD+acJV67UApXrM=,kWXEs0n4yg5tfOXFEHh26ja1Fgc=
174,-180,LjiavqIskUCYQD+acJV67UApXrM=,kWXEs0n4yg5tfOXFEHh26ja1Fgc=
172,-191,LjiavqIskUCYQD+acJV67UApXrM=,kWXEs0n4yg5tfOXFEHh26ja1Fgc=
160,-179,LjiavqIskUCYQD+acJV67UApXrM=,kWXEs0n4yg5tfOXFEHh26ja1Fgc=
175,-180,LjiavqIskUCYQD+acJV67UApXrM=,kWXEs0n4yg5tfOXFEHh26ja1Fgc=
165,-180,LjiavqIskUCYQD+acJV67UApXrM=,kWXEs0n4yg5tfOXFEHh26ja1Fgc=
173,-180,LjiavqIskUCYQD+acJV67UApXrM=,kWXEs0n4yg5tfOXFEHh26ja1Fgc=
163,-180,LjiavqIskUCYQD+acJV67UApXrM=,kWXEs0n4yg5tfOXFEHh26ja1Fgc=
166,-180,LjiavqIskUCYQD+acJV67UApXrM=,kWXEs0n4yg5tfOXFEHh26ja1Fgc=
171,-180,LjiavqIskUCYQD+acJV67UApXrM=,kWXEs0n4yg5tfOXFEHh26ja1Fgc=
170,-179,LjiavqIskUCYQD+acJV67UApXrM=,kWXEs0n4yg5tfOXFEHh26ja1Fgc=
172,-180,LjiavqIskUCYQD+acJV67UApXrM=,kWXEs0n4yg5tfOXFEHh26ja1Fgc=
164,-180,LjiavqIskUCYQD+acJV67UApXrM=,kWXEs0n4yg5tfOXFEHh26ja1Fgc=
162,-180,LjiavqIskUCYQD+acJV67UApXrM=,kWXEs0n4yg5tfOXFEHh26ja1Fgc=
168,-180,LjiavqIskUCYQD+acJV67UApXrM=,kWXEs0n4yg5tfOXFEHh26ja1Fgc=
161,-180,LjiavqIskUCYQD+acJV67UApXrM=,kWXEs0n4yg5tfOXFEHh26ja1Fgc=
169,-180,LjiavqIskUCYQD+acJV67UApXrM=,kWXEs0n4yg5tfOXFEHh26ja1Fgc=
170,-180,LjiavqIskUCYQD+acJV67UApXrM=,kWXEs0n4yg5tfOXFEHh26ja1Fgc=
160,-180,LjiavqIskUCYQD+acJV67UApXrM=,kWXEs0n4yg5tfOXFEHh26ja1Fgc=
168,-181,LjiavqIskUCYQD+acJV67UApXrM=,kWXEs0n4yg5tfOXFEHh26ja1Fgc=
166,-181,LjiavqIskUCYQD+acJV67UApXrM=,kWXEs0n4yg5tfOXFEHh26ja1Fgc=
165,-181,LjiavqIskUCYQD+acJV67UApXrM=,kWXEs0n4yg5tfOXFEHh26ja1Fgc=
167,-189,LjiavqIskUCYQD+acJV67UApXrM=,kWXEs0n4yg5tfOXFEHh26ja1Fgc=
167,-181,LjiavqIskUCYQD+acJV67UApXrM=,kWXEs0n4yg5tfOXFEHh26ja1Fgc=
164,-181,LjiavqIskUCYQD+acJV67UApXrM=,kWXEs0n4yg5tfOXFEHh26ja1Fgc=
163,-181,LjiavqIskUCYQD+acJV67UApXrM=,kWXEs0n4yg5tfOXFEHh26ja1Fgc=
162,-181,LjiavqIskUCYQD+acJV67UApXrM=,kWXEs0n4yg5tfOXFEHh26ja1Fgc=
161,-181,LjiavqIskUCYQD+acJV67UApXrM=,kWXEs0n4yg5tfOXFEHh26ja1Fgc=
169,-181,LjiavqIskUCYQD+acJV67UApXrM=,kWXEs0n4yg5tfOXFEHh26ja1Fgc=
171,-191,LjiavqIskUCYQD+acJV67UApXrM=,kWXEs0n4yg5tfOXFEHh26ja1Fgc=
160,-181,LjiavqIskUCYQD+acJV67UApXrM=,kWXEs0n4yg5tfOXFEHh26ja1Fgc=
174,-181,LjiavqIskUCYQD+acJV67UApXrM=,kWXEs0n4yg5tfOXFEHh26ja1Fgc=
175,-181,LjiavqIskUCYQD+acJV67UApXrM=,kWXEs0n4yg5tfOXFEHh26ja1Fgc=
165,-192,LjiavqIskUCYQD+acJV67UApXrM=,kWXEs0n4yg5tfOXFEHh26ja1Fgc=
170,-181,LjiavqIskUCYQD+acJV67UApXrM=,kWXEs0n4yg5tfOXFEHh26ja1Fgc=
171,-181,LjiavqIskUCYQD+acJV67UApXrM=,kWXEs0n4yg5tfOXFEHh26ja1Fgc=
172,-179,LjiavqIskUCYQD+acJV67UApXrM=,kWXEs0n4yg5tfOXFEHh26ja1Fgc=
173,-181,LjiavqIskUCYQD+acJV67UApXrM=,kWXEs0n4yg5tfOXFEHh26ja1Fgc=
168,-182,LjiavqIskUCYQD+acJV67UApXrM=,kWXEs0n4yg5tfOXFEHh26ja1Fgc=
167,-182,LjiavqIskUCYQD+acJV67UApXrM=,kWXEs0n4yg5tfOXFEHh26ja1Fgc=
166,-182,LjiavqIskUCYQD+acJV67UApXrM=,kWXEs0n4yg5tfOXFEHh26ja1Fgc=
173,-192,LjiavqIskUCYQD+acJV67UApXrM=,kWXEs0n4yg5tfOXFEHh26ja1Fgc=
160,-188,LjiavqIskUCYQD+acJV67UApXrM=,kWXEs0n4yg5tfOXFEHh26ja1Fgc=
166,-189,LjiavqIskUCYQD+acJV67UApXrM=,kWXEs0n4yg5tfOXFEHh26ja1Fgc=
169,-182,LjiavqIskUCYQD+acJV67UApXrM=,kWXEs0n4yg5tfOXFEHh26ja1Fgc=
163,-182,LjiavqIskUCYQD+acJV67UApXrM=,kWXEs0n4yg5tfOXFEHh26ja1Fgc=
165,-182,LjiavqIskUCYQD+acJV67UApXrM=,kWXEs0n4yg5tfOXFEHh26ja1Fgc=
164,-182,LjiavqIskUCYQD+acJV67UApXrM=,kWXEs0n4yg5tfOXFEHh26ja1Fgc=
162,-182,LjiavqIskUCYQD+acJV67UApXrM=,kWXEs0n4yg5tfOXFEHh26ja1Fgc=
161,-182,LjiavqIskUCYQD+acJV67UApXrM=,kWXEs0n4yg5tfOXFEHh26ja1Fgc=
172,-182,LjiavqIskUCYQD+acJV67UApXrM=,kWXEs0n4yg5tfOXFEHh26ja1Fgc=
173,-182,LjiavqIskUCYQD+acJV67UApXrM=,kWXEs0n4yg5tfOXFEHh26ja1Fgc=
174,-182,LjiavqIskUCYQD+acJV67UApXrM=,kWXEs0n4yg5tfOXFEHh26ja1Fgc=
171,-182,LjiavqIskUCYQD+acJV67UApXrM=,kWXEs0n4yg5tfOXFEHh26ja1Fgc=
170,-182,LjiavqIskUCYQD+acJV67UApXrM=,kWXEs0n4yg5tfOXFEHh26ja1Fgc=
160,-182,LjiavqIskUCYQD+acJV67UApXrM=,kWXEs0n4yg5tfOXFEHh26ja1Fgc=
165,-189,LjiavqIskUCYQD+acJV67UApXrM=,kWXEs0n4yg5tfOXFEHh26ja1Fgc=
172,-192,LjiavqIskUCYQD+acJV67UApXrM=,kWXEs0n4yg5tfOXFEHh26ja1Fgc=
168,-183,LjiavqIskUCYQD+acJV67UApXrM=,kWXEs0n4yg5tfOXFEHh26ja1Fgc=
162,-191,LjiavqIskUCYQD+acJV67UApXrM=,kWXEs0n4yg5tfOXFEHh26ja1Fgc=
169,-183,LjiavqIskUCYQD+acJV67UApXrM=,kWXEs0n4yg5tfOXFEHh26ja1Fgc=
167,-183,LjiavqIskUCYQD+acJV67UApXrM=,kWXEs0n4yg5tfOXFEHh26ja1Fgc=
174,-183,LjiavqIskUCYQD+acJV67UApXrM=,kWXEs0n4yg5tfOXFEHh26ja1Fgc=
165,-183,LjiavqIskUCYQD+acJV67UApXrM=,kWXEs0n4yg5tfOXFEHh26ja1Fgc=
166,-183,LjiavqIskUCYQD+acJV67UApXrM=,kWXEs0n4yg5tfOXFEHh26ja1Fgc=
164,-183,LjiavqIskUCYQD+acJV67UApXrM=,kWXEs0n4yg5tfOXFEHh26ja1Fgc=
163,-183,LjiavqIskUCYQD+acJV67UApXrM=,kWXEs0n4yg5tfOXFEHh26ja1Fgc=
172,-183,LjiavqIskUCYQD+acJV67UApXrM=,kWXEs0n4yg5tfOXFEHh26ja1Fgc=
173,-183,LjiavqIskUCYQD+acJV67UApXrM=,kWXEs0n4yg5tfOXFEHh26ja1Fgc=
162,-183,LjiavqIskUCYQD+acJV67UApXrM=,kWXEs0n4yg5tfOXFEHh26ja1Fgc=
170,-183,LjiavqIskUCYQD+acJV67UApXrM=,kWXEs0n4yg5tfOXFEHh26ja1Fgc=
161,-183,LjiavqIskUCYQD+acJV67UApXrM=,kWXEs0n4yg5tfOXFEHh26ja1Fgc=
171,-183,LjiavqIskUCYQD+acJV67UApXrM=,kWXEs0n4yg5tfOXFEHh26ja1Fgc=
161,-188,LjiavqIskUCYQD+acJV67UApXrM=,kWXEs0n4yg5tfOXFEHh26ja1Fgc=
169,-191,LjiavqIskUCYQD+acJV67UApXrM=,kWXEs0n4yg5tfOXFEHh26ja1Fgc=
171,-192,LjiavqIskUCYQD+acJV67UApXrM=,kWXEs0n4yg5tfOXFEHh26ja1Fgc=
175,-184,LjiavqIskUCYQD+acJV67UApXrM=,kWXEs0n4yg5tfOXFEHh26ja1Fgc=
168,-191,LjiavqIskUCYQD+acJV67UApXrM=,kWXEs0n4yg5tfOXFEHh26ja1Fgc=
164,-189,LjiavqIskUCYQD+acJV67UApXrM=,kWXEs0n4yg5tfOXFEHh26ja1Fgc=
169,-184,LjiavqIskUCYQD+acJV67UApXrM=,kWXEs0n4yg5tfOXFEHh26ja1Fgc=
160,-183,LjiavqIskUCYQD+acJV67UApXrM=,kWXEs0n4yg5tfOXFEHh26ja1Fgc=
168,-184,LjiavqIskUCYQD+acJV67UApXrM=,kWXEs0n4yg5tfOXFEHh26ja1Fgc=
166,-184,LjiavqIskUCYQD+acJV67UApXrM=,kWXEs0n4yg5tfOXFEHh26ja1Fgc=
162,-188,LjiavqIskUCYQD+acJV67UApXrM=,kWXEs0n4yg5tfOXFEHh26ja1Fgc=
172,-184,LjiavqIskUCYQD+acJV67UApXrM=,kWXEs0n4yg5tfOXFEHh26ja1Fgc=
167,-184,LjiavqIskUCYQD+acJV67UApXrM=,kWXEs0n4yg5tfOXFEHh26ja1Fgc=
165,-184,LjiavqIskUCYQD+acJV67UApXrM=,kWXEs0n4yg5tfOXFEHh26ja1Fgc=
171,-184,LjiavqIskUCYQD+acJV67UApXrM=,kWXEs0n4yg5tfOXFEHh26ja1Fgc=
170,-184,LjiavqIskUCYQD+acJV67UApXrM=,kWXEs0n4yg5tfOXFEHh26ja1Fgc=
164,-184,LjiavqIskUCYQD+acJV67UApXrM=,kWXEs0n4yg5tfOXFEHh26ja1Fgc=
163,-184,LjiavqIskUCYQD+acJV67UApXrM=,kWXEs0n4yg5tfOXFEHh26ja1Fgc=
162,-184,LjiavqIskUCYQD+acJV67UApXrM=,kWXEs0n4yg5tfOXFEHh26ja1Fgc=
163,-189,LjiavqIskUCYQD+acJV67UApXrM=,kWXEs0n4yg5tfOXFEHh26ja1Fgc=
161,-184,LjiavqIskUCYQD+acJV67UApXrM=,kWXEs0n4yg5tfOXFEHh26ja1Fgc=
163,-188,LjiavqIskUCYQD+acJV67UApXrM=,kWXEs0n4yg5tfOXFEHh26ja1Fgc=
174,-185,LjiavqIskUCYQD+acJV67UApXrM=,kWXEs0n4yg5tfOXFEHh26ja1Fgc=
175,-185,LjiavqIskUCYQD+acJV67UApXrM=,kWXEs0n4yg5tfOXFEHh26ja1Fgc=
160,-184,LjiavqIskUCYQD+acJV67UApXrM=,kWXEs0n4yg5tfOXFEHh26ja1Fgc=
167,-191,LjiavqIskUCYQD+acJV67UApXrM=,kWXEs0n4yg5tfOXFEHh26ja1Fgc=
170,-192,LjiavqIskUCYQD+acJV67UApXrM=,kWXEs0n4yg5tfOXFEHh26ja1Fgc=
164,-188,LjiavqIskUCYQD+acJV67UApXrM=,kWXEs0n4yg5tfOXFEHh26ja1Fgc=
173,-185,LjiavqIskUCYQD+acJV67UApXrM=,kWXEs0n4yg5tfOXFEHh26ja1Fgc=
172,-185,LjiavqIskUCYQD+acJV67UApXrM=,kWXEs0n4yg5tfOXFEHh26ja1Fgc=
171,-185,LjiavqIskUCYQD+acJV67UApXrM=,kWXEs0n4yg5tfOXFEHh26ja1Fgc=
166,-185,LjiavqIskUCYQD+acJV67UApXrM=,kWXEs0n4yg5tfOXFEHh26ja1Fgc=
173,-184,LjiavqIskUCYQD+acJV67UApXrM=,kWXEs0n4yg5tfOXFEHh26ja1Fgc=
170,-191,LjiavqIskUCYQD+acJV67UApXrM=,kWXEs0n4yg5tfOXFEHh26ja1Fgc=
168,-185,LjiavqIskUCYQD+acJV67UApXrM=,kWXEs0n4yg5tfOXFEHh26ja1Fgc=
162,-189,LjiavqIskUCYQD+acJV67UApXrM=,kWXEs0n4yg5tfOXFEHh26ja1Fgc=
167,-185,LjiavqIskUCYQD+acJV67UApXrM=,kWXEs0n4yg5tfOXFEHh26ja1Fgc=
163,-185,LjiavqIskUCYQD+acJV67UApXrM=,kWXEs0n4yg5tfOXFEHh26ja1Fgc=
172,-181,LjiavqIskUCYQD+acJV67UApXrM=,kWXEs0n4yg5tfOXFEHh26ja1Fgc=
162,-185,LjiavqIskUCYQD+acJV67UApXrM=,kWXEs0n4yg5tfOXFEHh26ja1Fgc=
161,-185,LjiavqIskUCYQD+acJV67UApXrM=,kWXEs0n4yg5tfOXFEHh26ja1Fgc=
160,-185,LjiavqIskUCYQD+acJV67UApXrM=,kWXEs0n4yg5tfOXFEHh26ja1Fgc=
174,-186,LjiavqIskUCYQD+acJV67UApXrM=,kWXEs0n4yg5tfOXFEHh26ja1Fgc=
174,-184,LjiavqIskUCYQD+acJV67UApXrM=,kWXEs0n4yg5tfOXFEHh26ja1Fgc=
175,-186,LjiavqIskUCYQD+acJV67UApXrM=,kWXEs0n4yg5tfOXFEHh26ja1Fgc=
174,-192,LjiavqIskUCYQD+acJV67UApXrM=,kWXEs0n4yg5tfOXFEHh26ja1Fgc=
169,-185,LjiavqIskUCYQD+acJV67UApXrM=,kWXEs0n4yg5tfOXFEHh26ja1Fgc=
171,-186,LjiavqIskUCYQD+acJV67UApXrM=,kWXEs0n4yg5tfOXFEHh26ja1Fgc=
170,-186,LjiavqIskUCYQD+acJV67UApXrM=,kWXEs0n4yg5tfOXFEHh26ja1Fgc=
169,-186,LjiavqIskUCYQD+acJV67UApXrM=,kWXEs0n4yg5tfOXFEHh26ja1Fgc=
168,-192,LjiavqIskUCYQD+acJV67UApXrM=,kWXEs0n4yg5tfOXFEHh26ja1Fgc=
169,-192,LjiavqIskUCYQD+acJV67UApXrM=,kWXEs0n4yg5tfOXFEHh26ja1Fgc=
172,-186,LjiavqIskUCYQD+acJV67UApXrM=,kWXEs0n4yg5tfOXFEHh26ja1Fgc=
173,-186,LjiavqIskUCYQD+acJV67UApXrM=,kWXEs0n4yg5tfOXFEHh26ja1Fgc=
167,-186,LjiavqIskUCYQD+acJV67UApXrM=,kWXEs0n4yg5tfOXFEHh26ja1Fgc=
166,-186,LjiavqIskUCYQD+acJV67UApXrM=,kWXEs0n4yg5tfOXFEHh26ja1Fgc=
160,-192,LjiavqIskUCYQD+acJV67UApXrM=,kWXEs0n4yg5tfOXFEHh26ja1Fgc=
168,-186,LjiavqIskUCYQD+acJV67UApXrM=,kWXEs0n4yg5tfOXFEHh26ja1Fgc=
162,-186,LjiavqIskUCYQD+acJV67UApXrM=,kWXEs0n4yg5tfOXFEHh26ja1Fgc=
161,-186,LjiavqIskUCYQD+acJV67UApXrM=,kWXEs0n4yg5tfOXFEHh26ja1Fgc=
164,-186,LjiavqIskUCYQD+acJV67UApXrM=,kWXEs0n4yg5tfOXFEHh26ja1Fgc=
160,-186,LjiavqIskUCYQD+acJV67UApXrM=,kWXEs0n4yg5tfOXFEHh26ja1Fgc=
165,-188,LjiavqIskUCYQD+acJV67UApXrM=,kWXEs0n4yg5tfOXFEHh26ja1Fgc=
166,-191,LjiavqIskUCYQD+acJV67UApXrM=,kWXEs0n4yg5tfOXFEHh26ja1Fgc=
163,-186,LjiavqIskUCYQD+acJV67UApXrM=,kWXEs0n4yg5tfOXFEHh26ja1Fgc=
175,-187,LjiavqIskUCYQD+acJV67UApXrM=,kWXEs0n4yg5tfOXFEHh26ja1Fgc=
161,-189,LjiavqIskUCYQD+acJV67UApXrM=,kWXEs0n4yg5tfOXFEHh26ja1Fgc=
174,-187,LjiavqIskUCYQD+acJV67UApXrM=,kWXEs0n4yg5tfOXFEHh26ja1Fgc=
165,-191,LjiavqIskUCYQD+acJV67UApXrM=,kWXEs0n4yg5tfOXFEHh26ja1Fgc=
173,-187,LjiavqIskUCYQD+acJV67UApXrM=,kWXEs0n4yg5tfOXFEHh26ja1Fgc=
172,-187,LjiavqIskUCYQD+acJV67UApXrM=,kWXEs0n4yg5tfOXFEHh26ja1Fgc=
171,-187,LjiavqIskUCYQD+acJV67UApXrM=,kWXEs0n4yg5tfOXFEHh26ja1Fgc=
167,-192,LjiavqIskUCYQD+acJV67UApXrM=,kWXEs0n4yg5tfOXFEHh26ja1Fgc=
164,-191,LjiavqIskUCYQD+acJV67UApXrM=,kWXEs0n4yg5tfOXFEHh26ja1Fgc=
169,-187,LjiavqIskUCYQD+acJV67UApXrM=,kWXEs0n4yg5tfOXFEHh26ja1Fgc=
168,-187,LjiavqIskUCYQD+acJV67UApXrM=,kWXEs0n4yg5tfOXFEHh26ja1Fgc=
166,-188,LjiavqIskUCYQD+acJV67UApXrM=,kWXEs0n4yg5tfOXFEHh26ja1Fgc=
170,-187,LjiavqIskUCYQD+acJV67UApXrM=,kWXEs0n4yg5tfOXFEHh26ja1Fgc=
165,-187,LjiavqIskUCYQD+acJV67UApXrM=,kWXEs0n4yg5tfOXFEHh26ja1Fgc=
167,-188,LjiavqIskUCYQD+acJV67UApXrM=,kWXEs0n4yg5tfOXFEHh26ja1Fgc=
166,-187,LjiavqIskUCYQD+acJV67UApXrM=,kWXEs0n4yg5tfOXFEHh26ja1Fgc=
165,-185,LjiavqIskUCYQD+acJV67UApXrM=,kWXEs0n4yg5tfOXFEHh26ja1Fgc=
165,-186,LjiavqIskUCYQD+acJV67UApXrM=,kWXEs0n4yg5tfOXFEHh26ja1Fgc=
167,-187,LjiavqIskUCYQD+acJV67UApXrM=,kWXEs0n4yg5tfOXFEHh26ja1Fgc=
160,-189,LjiavqIskUCYQD+acJV67UApXrM=,kWXEs0n4yg5tfOXFEHh26ja1Fgc=
164,-187,LjiavqIskUCYQD+acJV67UApXrM=,kWXEs0n4yg5tfOXFEHh26ja1Fgc=
175,-188,LjiavqIskUCYQD+acJV67UApXrM=,kWXEs0n4yg5tfOXFEHh26ja1Fgc=
163,-187,LjiavqIskUCYQD+acJV67UApXrM=,kWXEs0n4yg5tfOXFEHh26ja1Fgc=
160,-187,LjiavqIskUCYQD+acJV67UApXrM=,kWXEs0n4yg5tfOXFEHh26ja1Fgc=
162,-187,LjiavqIskUCYQD+acJV67UApXrM=,kWXEs0n4yg5tfOXFEHh26ja1Fgc=
161,-187,LjiavqIskUCYQD+acJV67UApXrM=,kWXEs0n4yg5tfOXFEHh26ja1Fgc=
163,-191,LjiavqIskUCYQD+acJV67UApXrM=,kWXEs0n4yg5tfOXFEHh26ja1Fgc=
174,-188,LjiavqIskUCYQD+acJV67UApXrM=,kWXEs0n4yg5tfOXFEHh26ja1Fgc=
168,-188,LjiavqIskUCYQD+acJV67UApXrM=,kWXEs0n4yg5tfOXFEHh26ja1Fgc=
173,-188,LjiavqIskUCYQD+acJV67UApXrM=,kWXEs0n4yg5tfOXFEHh26ja1Fgc=
167,-180,LjiavqIskUCYQD+acJV67UApXrM=,kWXEs0n4yg5tfOXFEHh26ja1Fgc=
175,-182,LjiavqIskUCYQD+acJV67UApXrM=,kWXEs0n4yg5tfOXFEHh26ja1Fgc=
166,-192,LjiavqIskUCYQD+acJV67UApXrM=,kWXEs0n4yg5tfOXFEHh26ja1Fgc=
171,-188,LjiavqIskUCYQD+acJV67UApXrM=,kWXEs0n4yg5tfOXFEHh26ja1Fgc=
169,-188,LjiavqIskUCYQD+acJV67UApXrM=,kWXEs0n4yg5tfOXFEHh26ja1Fgc=
175,-183,LjiavqIskUCYQD+acJV67UApXrM=,kWXEs0n4yg5tfOXFEHh26ja1Fgc=
164,-185,LjiavqIskUCYQD+acJV67UApXrM=,kWXEs0n4yg5tfOXFEHh26ja1Fgc=
175,-190,LjiavqIskUCYQD+acJV67UApXrM=,kWXEs0n4yg5tfOXFEHh26ja1Fgc=
170,-188,LjiavqIskUCYQD+acJV67UApXrM=,kWXEs0n4yg5tfOXFEHh26ja1Fgc=
170,-185,LjiavqIskUCYQD+acJV67UApXrM=,kWXEs0n4yg5tfOXFEHh26ja1Fgc=
172,-188,LjiavqIskUCYQD+acJV67UApXrM=,kWXEs0n4yg5tfOXFEHh26ja1Fgc=
171,-161,LjiavqIskUCYQD+acJV67UApXrM=,mdUSEXUUuVvsxLOukifY59XP3Q8=
172,-161,LjiavqIskUCYQD+acJV67UApXrM=,mdUSEXUUuVvsxLOukifY59XP3Q8=
173,-161,LjiavqIskUCYQD+acJV67UApXrM=,mdUSEXUUuVvsxLOukifY59XP3Q8=
173,-174,LjiavqIskUCYQD+acJV67UApXrM=,mdUSEXUUuVvsxLOukifY59XP3Q8=
175,-161,LjiavqIskUCYQD+acJV67UApXrM=,mdUSEXUUuVvsxLOukifY59XP3Q8=
174,-174,LjiavqIskUCYQD+acJV67UApXrM=,mdUSEXUUuVvsxLOukifY59XP3Q8=
170,-161,LjiavqIskUCYQD+acJV67UApXrM=,mdUSEXUUuVvsxLOukifY59XP3Q8=
169,-161,LjiavqIskUCYQD+acJV67UApXrM=,mdUSEXUUuVvsxLOukifY59XP3Q8=
174,-161,LjiavqIskUCYQD+acJV67UApXrM=,mdUSEXUUuVvsxLOukifY59XP3Q8=
163,-161,LjiavqIskUCYQD+acJV67UApXrM=,mdUSEXUUuVvsxLOukifY59XP3Q8=
168,-161,LjiavqIskUCYQD+acJV67UApXrM=,mdUSEXUUuVvsxLOukifY59XP3Q8=
175,-175,LjiavqIskUCYQD+acJV67UApXrM=,mdUSEXUUuVvsxLOukifY59XP3Q8=
166,-161,LjiavqIskUCYQD+acJV67UApXrM=,mdUSEXUUuVvsxLOukifY59XP3Q8=
163,-176,LjiavqIskUCYQD+acJV67UApXrM=,mdUSEXUUuVvsxLOukifY59XP3Q8=
167,-161,LjiavqIskUCYQD+acJV67UApXrM=,mdUSEXUUuVvsxLOukifY59XP3Q8=
165,-161,LjiavqIskUCYQD+acJV67UApXrM=,mdUSEXUUuVvsxLOukifY59XP3Q8=
164,-161,LjiavqIskUCYQD+acJV67UApXrM=,mdUSEXUUuVvsxLOukifY59XP3Q8=
174,-175,LjiavqIskUCYQD+acJV67UApXrM=,mdUSEXUUuVvsxLOukifY59XP3Q8=
175,-174,LjiavqIskUCYQD+acJV67UApXrM=,mdUSEXUUuVvsxLOukifY59XP3Q8=
162,-161,LjiavqIskUCYQD+acJV67UApXrM=,mdUSEXUUuVvsxLOukifY59XP3Q8=
172,-175,LjiavqIskUCYQD+acJV67UApXrM=,mdUSEXUUuVvsxLOukifY59XP3Q8=
173,-175,LjiavqIskUCYQD+acJV67UApXrM=,mdUSEXUUuVvsxLOukifY59XP3Q8=
161,-175,LjiavqIskUCYQD+acJV67UApXrM=,mdUSEXUUuVvsxLOukifY59XP3Q8=
170,-175,LjiavqIskUCYQD+acJV67UApXrM=,mdUSEXUUuVvsxLOukifY59XP3Q8=
167,-175,LjiavqIskUCYQD+acJV67UApXrM=,mdUSEXUUuVvsxLOukifY59XP3Q8=
171,-175,LjiavqIskUCYQD+acJV67UApXrM=,mdUSEXUUuVvsxLOukifY59XP3Q8=
169,-175,LjiavqIskUCYQD+acJV67UApXrM=,mdUSEXUUuVvsxLOukifY59XP3Q8=
160,-173,LjiavqIskUCYQD+acJV67UApXrM=,mdUSEXUUuVvsxLOukifY59XP3Q8=
166,-175,LjiavqIskUCYQD+acJV67UApXrM=,mdUSEXUUuVvsxLOukifY59XP3Q8=
160,-161,LjiavqIskUCYQD+acJV67UApXrM=,mdUSEXUUuVvsxLOukifY59XP3Q8=
174,-162,LjiavqIskUCYQD+acJV67UApXrM=,mdUSEXUUuVvsxLOukifY59XP3Q8=
172,-162,LjiavqIskUCYQD+acJV67UApXrM=,mdUSEXUUuVvsxLOukifY59XP3Q8=
168,-175,LjiavqIskUCYQD+acJV67UApXrM=,mdUSEXUUuVvsxLOukifY59XP3Q8=
173,-162,LjiavqIskUCYQD+acJV67UApXrM=,mdUSEXUUuVvsxLOukifY59XP3Q8=
175,-162,LjiavqIskUCYQD+acJV67UApXrM=,mdUSEXUUuVvsxLOukifY59XP3Q8=
164,-175,B58xCdNZ7WGB3Rt7ayhoxTxTgzs=,mdUSEXUUuVvsxLOukifY59XP3Q8=
163,-175,B58xCdNZ7WGB3Rt7ayhoxTxTgzs=,mdUSEXUUuVvsxLOukifY59XP3Q8=
172,-174,B58xCdNZ7WGB3Rt7ayhoxTxTgzs=,mdUSEXUUuVvsxLOukifY59XP3Q8=
165,-175,B58xCdNZ7WGB3Rt7ayhoxTxTgzs=,mdUSEXUUuVvsxLOukifY59XP3Q8=
171,-162,B58xCdNZ7WGB3Rt7ayhoxTxTgzs=,mdUSEXUUuVvsxLOukifY59XP3Q8=
162,-175,B58xCdNZ7WGB3Rt7ayhoxTxTgzs=,mdUSEXUUuVvsxLOukifY59XP3Q8=
161,-173,B58xCdNZ7WGB3Rt7ayhoxTxTgzs=,mdUSEXUUuVvsxLOukifY59XP3Q8=
161,-161,B58xCdNZ7WGB3Rt7ayhoxTxTgzs=,mdUSEXUUuVvsxLOukifY59XP3Q8=
162,-176,B58xCdNZ7WGB3Rt7ayhoxTxTgzs=,mdUSEXUUuVvsxLOukifY59XP3Q8=
166,-162,B58xCdNZ7WGB3Rt7ayhoxTxTgzs=,mdUSEXUUuVvsxLOukifY59XP3Q8=
168,-162,B58xCdNZ7WGB3Rt7ayhoxTxTgzs=,mdUSEXUUuVvsxLOukifY59XP3Q8=
169,-162,B58xCdNZ7WGB3Rt7ayhoxTxTgzs=,mdUSEXUUuVvsxLOukifY59XP3Q8=
167,-162,B58xCdNZ7WGB3Rt7ayhoxTxTgzs=,mdUSEXUUuVvsxLOukifY59XP3Q8=
164,-162,B58xCdNZ7WGB3Rt7ayhoxTxTgzs=,mdUSEXUUuVvsxLOukifY59XP3Q8=
165,-162,B58xCdNZ7WGB3Rt7ayhoxTxTgzs=,mdUSEXUUuVvsxLOukifY59XP3Q8=
175,-163,B58xCdNZ7WGB3Rt7ayhoxTxTgzs=,mdUSEXUUuVvsxLOukifY59XP3Q8=
162,-162,B58xCdNZ7WGB3Rt7ayhoxTxTgzs=,mdUSEXUUuVvsxLOukifY59XP3Q8=
175,-176,B58xCdNZ7WGB3Rt7ayhoxTxTgzs=,mdUSEXUUuVvsxLOukifY59XP3Q8=
161,-162,B58xCdNZ7WGB3Rt7ayhoxTxTgzs=,mdUSEXUUuVvsxLOukifY59XP3Q8=
160,-162,B58xCdNZ7WGB3Rt7ayhoxTxTgzs=,mdUSEXUUuVvsxLOukifY59XP3Q8=
162,-173,B58xCdNZ7WGB3Rt7ayhoxTxTgzs=,mdUSEXUUuVvsxLOukifY59XP3Q8=
174,-163,B58xCdNZ7WGB3Rt7ayhoxTxTgzs=,mdUSEXUUuVvsxLOukifY59XP3Q8=
172,-163,B58xCdNZ7WGB3Rt7ayhoxTxTgzs=,mdUSEXUUuVvsxLOukifY59XP3Q8=
171,-163,B58xCdNZ7WGB3Rt7ayhoxTxTgzs=,mdUSEXUUuVvsxLOukifY59XP3Q8=
170,-163,B58xCdNZ7WGB3Rt7ayhoxTxTgzs=,mdUSEXUUuVvsxLOukifY59XP3Q8=
171,-174,B58xCdNZ7WGB3Rt7ayhoxTxTgzs=,mdUSEXUUuVvsxLOukifY59XP3Q8=
173,-163,B58xCdNZ7WGB3Rt7ayhoxTxTgzs=,mdUSEXUUuVvsxLOukifY59XP3Q8=
169,-163,B58xCdNZ7WGB3Rt7ayhoxTxTgzs=,mdUSEXUUuVvsxLOukifY59XP3Q8=
168,-163,B58xCdNZ7WGB3Rt7ayhoxTxTgzs=,mdUSEXUUuVvsxLOukifY59XP3Q8=
167,-163,B58xCdNZ7WGB3Rt7ayhoxTxTgzs=,mdUSEXUUuVvsxLOukifY59XP3Q8=
166,-163,B58xCdNZ7WGB3Rt7ayhoxTxTgzs=,mdUSEXUUuVvsxLOukifY59XP3Q8=
160,-175,B58xCdNZ7WGB3Rt7ayhoxTxTgzs=,mdUSEXUUuVvsxLOukifY59XP3Q8=
174,-176,B58xCdNZ7WGB3Rt7ayhoxTxTgzs=,mdUSEXUUuVvsxLOukifY59XP3Q8=
175,-164,B58xCdNZ7WGB3Rt7ayhoxTxTgzs=,mdUSEXUUuVvsxLOukifY59XP3Q8=
163,-163,B58xCdNZ7WGB3Rt7ayhoxTxTgzs=,mdUSEXUUuVvsxLOukifY59XP3Q8=
161,-163,B58xCdNZ7WGB3Rt7ayhoxTxTgzs=,mdUSEXUUuVvsxLOukifY59XP3Q8=
162,-163,B58xCdNZ7WGB3Rt7ayhoxTxTgzs=,mdUSEXUUuVvsxLOukifY59XP3Q8=
165,-163,B58xCdNZ7WGB3Rt7ayhoxTxTgzs=,mdUSEXUUuVvsxLOukifY59XP3Q8=
161,-176,B58xCdNZ7WGB3Rt7ayhoxTxTgzs=,mdUSEXUUuVvsxLOukifY59XP3Q8=
164,-163,B58xCdNZ7WGB3Rt7ayhoxTxTgzs=,mdUSEXUUuVvsxLOukifY59XP3Q8=
173,-164,B58xCdNZ7WGB3Rt7ayhoxTxTgzs=,mdUSEXUUuVvsxLOukifY59XP3Q8=
174,-164,B58xCdNZ7WGB3Rt7ayhoxTxTgzs=,mdUSEXUUuVvsxLOukifY59XP3Q8=
172,-164,B58xCdNZ7WGB3Rt7ayhoxTxTgzs=,mdUSEXUUuVvsxLOukifY59XP3Q8=
171,-164,B58xCdNZ7WGB3Rt7ayhoxTxTgzs=,mdUSEXUUuVvsxLOukifY59XP3Q8=
170,-174,B58xCdNZ7WGB3Rt7ayhoxTxTgzs=,mdUSEXUUuVvsxLOukifY59XP3Q8=
163,-162,B58xCdNZ7WGB3Rt7ayhoxTxTgzs=,mdUSEXUUuVvsxLOukifY59XP3Q8=
167,-164,B58xCdNZ7WGB3Rt7ayhoxTxTgzs=,mdUSEXUUuVvsxLOukifY59XP3Q8=
170,-164,B58xCdNZ7WGB3Rt7ayhoxTxTgzs=,mdUSEXUUuVvsxLOukifY59XP3Q8=
160,-163,B58xCdNZ7WGB3Rt7ayhoxTxTgzs=,mdUSEXUUuVvsxLOukifY59XP3Q8=
162,-164,B58xCdNZ7WGB3Rt7ayhoxTxTgzs=,mdUSEXUUuVvsxLOukifY59XP3Q8=
161,-164,B58xCdNZ7WGB3Rt7ayhoxTxTgzs=,mdUSEXUUuVvsxLOukifY59XP3Q8=
166,-164,B58xCdNZ7WGB3Rt7ayhoxTxTgzs=,mdUSEXUUuVvsxLOukifY59XP3Q8=
168,-164,B58xCdNZ7WGB3Rt7ayhoxTxTgzs=,mdUSEXUUuVvsxLOukifY59XP3Q8=
175,-165,B58xCdNZ7WGB3Rt7ayhoxTxTgzs=,mdUSEXUUuVvsxLOukifY59XP3Q8=
170,-162,B58xCdNZ7WGB3Rt7ayhoxTxTgzs=,mdUSEXUUuVvsxLOukifY59XP3Q8=
172,-165,B58xCdNZ7WGB3Rt7ayhoxTxTgzs=,mdUSEXUUuVvsxLOukifY59XP3Q8=
173,-165,B58xCdNZ7WGB3Rt7ayhoxTxTgzs=,mdUSEXUUuVvsxLOukifY59XP3Q8=
173,-176,B58xCdNZ7WGB3Rt7ayhoxTxTgzs=,mdUSEXUUuVvsxLOukifY59XP3Q8=
170,-165,B58xCdNZ7WGB3Rt7ayhoxTxTgzs=,mdUSEXUUuVvsxLOukifY59XP3Q8=
168,-165,B58xCdNZ7WGB3Rt7ayhoxTxTgzs=,mdUSEXUUuVvsxLOukifY59XP3Q8=
164,-164,B58xCdNZ7WGB3Rt7ayhoxTxTgzs=,mdUSEXUUuVvsxLOukifY59XP3Q8=
163,-173,B58xCdNZ7WGB3Rt7ayhoxTxTgzs=,mdUSEXUUuVvsxLOukifY59XP3Q8=
171,-165,B58xCdNZ7WGB3Rt7ayhoxTxTgzs=,mdUSEXUUuVvsxLOukifY59XP3Q8=
167,-165,B58xCdNZ7WGB3Rt7ayhoxTxTgzs=,mdUSEXUUuVvsxLOukifY59XP3Q8=
166,-165,B58xCdNZ7WGB3Rt7ayhoxTxTgzs=,mdUSEXUUuVvsxLOukifY59XP3Q8=
160,-174,B58xCdNZ7WGB3Rt7ayhoxTxTgzs=,mdUSEXUUuVvsxLOukifY59XP3Q8=
164,-165,B58xCdNZ7WGB3Rt7ayhoxTxTgzs=,mdUSEXUUuVvsxLOukifY59XP3Q8=
163,-165,B58xCdNZ7WGB3Rt7ayhoxTxTgzs=,mdUSEXUUuVvsxLOukifY59XP3Q8=
164,-176,B58xCdNZ7WGB3Rt7ayhoxTxTgzs=,mdUSEXUUuVvsxLOukifY59XP3Q8=
161,-165,B58xCdNZ7WGB3Rt7ayhoxTxTgzs=,mdUSEXUUuVvsxLOukifY59XP3Q8=
175,-166,B58xCdNZ7WGB3Rt7ayhoxTxTgzs=,mdUSEXUUuVvsxLOukifY59XP3Q8=
165,-165,B58xCdNZ7WGB3Rt7ayhoxTxTgzs=,mdUSEXUUuVvsxLOukifY59XP3Q8=
160,-165,B58xCdNZ7WGB3Rt7ayhoxTxTgzs=,mdUSEXUUuVvsxLOukifY59XP3Q8=
173,-166,B58xCdNZ7WGB3Rt7ayhoxTxTgzs=,mdUSEXUUuVvsxLOukifY59XP3Q8=
172,-166,B58xCdNZ7WGB3Rt7ayhoxTxTgzs=,mdUSEXUUuVvsxLOukifY59XP3Q8=
174,-166,B58xCdNZ7WGB3Rt7ayhoxTxTgzs=,mdUSEXUUuVvsxLOukifY59XP3Q8=
164,-173,B58xCdNZ7WGB3Rt7ayhoxTxTgzs=,mdUSEXUUuVvsxLOukifY59XP3Q8=
171,-166,B58xCdNZ7WGB3Rt7ayhoxTxTgzs=,mdUSEXUUuVvsxLOukifY59XP3Q8=
170,-166,B58xCdNZ7WGB3Rt7ayhoxTxTgzs=,mdUSEXUUuVvsxLOukifY59XP3Q8=
169,-165,B58xCdNZ7WGB3Rt7ayhoxTxTgzs=,mdUSEXUUuVvsxLOukifY59XP3Q8=
172,-176,B58xCdNZ7WGB3Rt7ayhoxTxTgzs=,mdUSEXUUuVvsxLOukifY59XP3Q8=
169,-164,B58xCdNZ7WGB3Rt7ayhoxTxTgzs=,mdUSEXUUuVvsxLOukifY59XP3Q8=
169,-166,B58xCdNZ7WGB3Rt7ayhoxTxTgzs=,mdUSEXUUuVvsxLOukifY59XP3Q8=
168,-174,B58xCdNZ7WGB3Rt7ayhoxTxTgzs=,mdUSEXUUuVvsxLOukifY59XP3Q8=
165,-173,B58xCdNZ7WGB3Rt7ayhoxTxTgzs=,mdUSEXUUuVvsxLOukifY59XP3Q8=
162,-165,B58xCdNZ7WGB3Rt7ayhoxTxTgzs=,mdUSEXUUuVvsxLOukifY59XP3Q8=
166,-166,B58xCdNZ7WGB3Rt7ayhoxTxTgzs=,mdUSEXUUuVvsxLOukifY59XP3Q8=
164,-166,B58xCdNZ7WGB3Rt7ayhoxTxTgzs=,mdUSEXUUuVvsxLOukifY59XP3Q8=
163,-166,B58xCdNZ7WGB3Rt7ayhoxTxTgzs=,mdUSEXUUuVvsxLOukifY59XP3Q8=
166,-173,B58xCdNZ7WGB3Rt7ayhoxTxTgzs=,mdUSEXUUuVvsxLOukifY59XP3Q8=
162,-166,B58xCdNZ7WGB3Rt7ayhoxTxTgzs=,mdUSEXUUuVvsxLOukifY59XP3Q8=
175,-167,B58xCdNZ7WGB3Rt7ayhoxTxTgzs=,mdUSEXUUuVvsxLOukifY59XP3Q8=
167,-166,B58xCdNZ7WGB3Rt7ayhoxTxTgzs=,mdUSEXUUuVvsxLOukifY59XP3Q8=
161,-166,B58xCdNZ7WGB3Rt7ayhoxTxTgzs=,mdUSEXUUuVvsxLOukifY59XP3Q8=
160,-166,B58xCdNZ7WGB3Rt7ayhoxTxTgzs=,mdUSEXUUuVvsxLOukifY59XP3Q8=
174,-167,B58xCdNZ7WGB3Rt7ayhoxTxTgzs=,mdUSEXUUuVvsxLOukifY59XP3Q8=
167,-173,B58xCdNZ7WGB3Rt7ayhoxTxTgzs=,mdUSEXUUuVvsxLOukifY59XP3Q8=
168,-166,B58xCdNZ7WGB3Rt7ayhoxTxTgzs=,mdUSEXUUuVvsxLOukifY59XP3Q8=
172,-167,B58xCdNZ7WGB3Rt7ayhoxTxTgzs=,mdUSEXUUuVvsxLOukifY59XP3Q8=
170,-167,B58xCdNZ7WGB3Rt7ayhoxTxTgzs=,mdUSEXUUuVvsxLOukifY59XP3Q8=
171,-167,B58xCdNZ7WGB3Rt7ayhoxTxTgzs=,mdUSEXUUuVvsxLOukifY59XP3Q8=
173,-167,B58xCdNZ7WGB3Rt7ayhoxTxTgzs=,mdUSEXUUuVvsxLOukifY59XP3Q8=
171,-176,B58xCdNZ7WGB3Rt7ayhoxTxTgzs=,mdUSEXUUuVvsxLOukifY59XP3Q8=
169,-167,B58xCdNZ7WGB3Rt7ayhoxTxTgzs=,mdUSEXUUuVvsxLOukifY59XP3Q8=
160,-164,B58xCdNZ7WGB3Rt7ayhoxTxTgzs=,mdUSEXUUuVvsxLOukifY59XP3Q8=
167,-174,B58xCdNZ7WGB3Rt7ayhoxTxTgzs=,mdUSEXUUuVvsxLOukifY59XP3Q8=
167,-167,B58xCdNZ7WGB3Rt7ayhoxTxTgzs=,mdUSEXUUuVvsxLOukifY59XP3Q8=
165,-167,B58xCdNZ7WGB3Rt7ayhoxTxTgzs=,mdUSEXUUuVvsxLOukifY59XP3Q8=
166,-167,B58xCdNZ7WGB3Rt7ayhoxTxTgzs=,mdUSEXUUuVvsxLOukifY59XP3Q8=
163,-167,B58xCdNZ7WGB3Rt7ayhoxTxTgzs=,mdUSEXUUuVvsxLOukifY59XP3Q8=
161,-167,B58xCdNZ7WGB3Rt7ayhoxTxTgzs=,mdUSEXUUuVvsxLOukifY59XP3Q8=
165,-164,B58xCdNZ7WGB3Rt7ayhoxTxTgzs=,mdUSEXUUuVvsxLOukifY59XP3Q8=
162,-167,B58xCdNZ7WGB3Rt7ayhoxTxTgzs=,mdUSEXUUuVvsxLOukifY59XP3Q8=
160,-167,B58xCdNZ7WGB3Rt7ayhoxTxTgzs=,mdUSEXUUuVvsxLOukifY59XP3Q8=
165,-166,B58xCdNZ7WGB3Rt7ayhoxTxTgzs=,mdUSEXUUuVvsxLOukifY59XP3Q8=
164,-167,B58xCdNZ7WGB3Rt7ayhoxTxTgzs=,mdUSEXUUuVvsxLOukifY59XP3Q8=
174,-168,B58xCdNZ7WGB3Rt7ayhoxTxTgzs=,mdUSEXUUuVvsxLOukifY59XP3Q8=
175,-168,B58xCdNZ7WGB3Rt7ayhoxTxTgzs=,mdUSEXUUuVvsxLOukifY59XP3Q8=
172,-168,B58xCdNZ7WGB3Rt7ayhoxTxTgzs=,mdUSEXUUuVvsxLOukifY59XP3Q8=
171,-168,B58xCdNZ7WGB3Rt7ayhoxTxTgzs=,mdUSEXUUuVvsxLOukifY59XP3Q8=
163,-164,B58xCdNZ7WGB3Rt7ayhoxTxTgzs=,mdUSEXUUuVvsxLOukifY59XP3Q8=
170,-168,B58xCdNZ7WGB3Rt7ayhoxTxTgzs=,mdUSEXUUuVvsxLOukifY59XP3Q8=
170,-176,B58xCdNZ7WGB3Rt7ayhoxTxTgzs=,mdUSEXUUuVvsxLOukifY59XP3Q8=
173,-168,B58xCdNZ7WGB3Rt7ayhoxTxTgzs=,mdUSEXUUuVvsxLOukifY59XP3Q8=
167,-168,B58xCdNZ7WGB3Rt7ayhoxTxTgzs=,mdUSEXUUuVvsxLOukifY59XP3Q8=
168,-168,B58xCdNZ7WGB3Rt7ayhoxTxTgzs=,mdUSEXUUuVvsxLOukifY59XP3Q8=
168,-173,B58xCdNZ7WGB3Rt7ayhoxTxTgzs=,mdUSEXUUuVvsxLOukifY59XP3Q8=
174,-165,B58xCdNZ7WGB3Rt7ayhoxTxTgzs=,mdUSEXUUuVvsxLOukifY59XP3Q8=
169,-174,B58xCdNZ7WGB3Rt7ayhoxTxTgzs=,mdUSEXUUuVvsxLOukifY59XP3Q8=
166,-168,B58xCdNZ7WGB3Rt7ayhoxTxTgzs=,mdUSEXUUuVvsxLOukifY59XP3Q8=
175,-169,B58xCdNZ7WGB3Rt7ayhoxTxTgzs=,mdUSEXUUuVvsxLOukifY59XP3Q8=
165,-168,B58xCdNZ7WGB3Rt7ayhoxTxTgzs=,mdUSEXUUuVvsxLOukifY59XP3Q8=
164,-168,B58xCdNZ7WGB3Rt7ayhoxTxTgzs=,mdUSEXUUuVvsxLOukifY59XP3Q8=
163,-168,B58xCdNZ7WGB3Rt7ayhoxTxTgzs=,mdUSEXUUuVvsxLOukifY59XP3Q8=
162,-168,B58xCdNZ7WGB3Rt7ayhoxTxTgzs=,mdUSEXUUuVvsxLOukifY59XP3Q8=
174,-169,B58xCdNZ7WGB3Rt7ayhoxTxTgzs=,mdUSEXUUuVvsxLOukifY59XP3Q8=
161,-168,B58xCdNZ7WGB3Rt7ayhoxTxTgzs=,mdUSEXUUuVvsxLOukifY59XP3Q8=
160,-176,B58xCdNZ7WGB3Rt7ayhoxTxTgzs=,mdUSEXUUuVvsxLOukifY59XP3Q8=
169,-168,B58xCdNZ7WGB3Rt7ayhoxTxTgzs=,mdUSEXUUuVvsxLOukifY59XP3Q8=
172,-169,B58xCdNZ7WGB3Rt7ayhoxTxTgzs=,mdUSEXUUuVvsxLOukifY59XP3Q8=
169,-169,B58xCdNZ7WGB3Rt7ayhoxTxTgzs=,mdUSEXUUuVvsxLOukifY59XP3Q8=
169,-176,B58xCdNZ7WGB3Rt7ayhoxTxTgzs=,mdUSEXUUuVvsxLOukifY59XP3Q8=
167,-169,B58xCdNZ7WGB3Rt7ayhoxTxTgzs=,mdUSEXUUuVvsxLOukifY59XP3Q8=
165,-174,B58xCdNZ7WGB3Rt7ayhoxTxTgzs=,mdUSEXUUuVvsxLOukifY59XP3Q8=
166,-169,B58xCdNZ7WGB3Rt7ayhoxTxTgzs=,mdUSEXUUuVvsxLOukifY59XP3Q8=
171,-169,B58xCdNZ7WGB3Rt7ayhoxTxTgzs=,mdUSEXUUuVvsxLOukifY59XP3Q8=
169,-173,B58xCdNZ7WGB3Rt7ayhoxTxTgzs=,mdUSEXUUuVvsxLOukifY59XP3Q8=
164,-169,B58xCdNZ7WGB3Rt7ayhoxTxTgzs=,mdUSEXUUuVvsxLOukifY59XP3Q8=
173,-169,B58xCdNZ7WGB3Rt7ayhoxTxTgzs=,mdUSEXUUuVvsxLOukifY59XP3Q8=
163,-169,B58xCdNZ7WGB3Rt7ayhoxTxTgzs=,mdUSEXUUuVvsxLOukifY59XP3Q8=
160,-168,B58xCdNZ7WGB3Rt7ayhoxTxTgzs=,mdUSEXUUuVvsxLOukifY59XP3Q8=
165,-169,B58xCdNZ7WGB3Rt7ayhoxTxTgzs=,mdUSEXUUuVvsxLOukifY59XP3Q8=
162,-169,B58xCdNZ7WGB3Rt7ayhoxTxTgzs=,mdUSEXUUuVvsxLOukifY59XP3Q8=
161,-169,B58xCdNZ7WGB3Rt7ayhoxTxTgzs=,mdUSEXUUuVvsxLOukifY59XP3Q8=
175,-170,B58xCdNZ7WGB3Rt7ayhoxTxTgzs=,mdUSEXUUuVvsxLOukifY59XP3Q8=
160,-169,B58xCdNZ7WGB3Rt7ayhoxTxTgzs=,mdUSEXUUuVvsxLOukifY59XP3Q8=
170,-173,B58xCdNZ7WGB3Rt7ayhoxTxTgzs=,mdUSEXUUuVvsxLOukifY59XP3Q8=
172,-170,B58xCdNZ7WGB3Rt7ayhoxTxTgzs=,mdUSEXUUuVvsxLOukifY59XP3Q8=
173,-170,B58xCdNZ7WGB3Rt7ayhoxTxTgzs=,mdUSEXUUuVvsxLOukifY59XP3Q8=
169,-170,B58xCdNZ7WGB3Rt7ayhoxTxTgzs=,mdUSEXUUuVvsxLOukifY59XP3Q8=
170,-170,B58xCdNZ7WGB3Rt7ayhoxTxTgzs=,mdUSEXUUuVvsxLOukifY59XP3Q8=
174,-170,B58xCdNZ7WGB3Rt7ayhoxTxTgzs=,mdUSEXUUuVvsxLOukifY59XP3Q8=
164,-174,B58xCdNZ7WGB3Rt7ayhoxTxTgzs=,mdUSEXUUuVvsxLOukifY59XP3Q8=
168,-170,B58xCdNZ7WGB3Rt7ayhoxTxTgzs=,mdUSEXUUuVvsxLOukifY59XP3Q8=
171,-173,B58xCdNZ7WGB3Rt7ayhoxTxTgzs=,mdUSEXUUuVvsxLOukifY59XP3Q8=
164,-170,B58xCdNZ7WGB3Rt7ayhoxTxTgzs=,mdUSEXUUuVvsxLOukifY59XP3Q8=
165,-170,B58xCdNZ7WGB3Rt7ayhoxTxTgzs=,mdUSEXUUuVvsxLOukifY59XP3Q8=
168,-176,B58xCdNZ7WGB3Rt7ayhoxTxTgzs=,mdUSEXUUuVvsxLOukifY59XP3Q8=
162,-170,B58xCdNZ7WGB3Rt7ayhoxTxTgzs=,mdUSEXUUuVvsxLOukifY59XP3Q8=
163,-170,B58xCdNZ7WGB3Rt7ayhoxTxTgzs=,mdUSEXUUuVvsxLOukifY59XP3Q8=
175,-171,B58xCdNZ7WGB3Rt7ayhoxTxTgzs=,mdUSEXUUuVvsxLOukifY59XP3Q8=
161,-170,B58xCdNZ7WGB3Rt7ayhoxTxTgzs=,mdUSEXUUuVvsxLOukifY59XP3Q8=
160,-170,B58xCdNZ7WGB3Rt7ayhoxTxTgzs=,mdUSEXUUuVvsxLOukifY59XP3Q8=
172,-173,B58xCdNZ7WGB3Rt7ayhoxTxTgzs=,mdUSEXUUuVvsxLOukifY59XP3Q8=
174,-171,B58xCdNZ7WGB3Rt7ayhoxTxTgzs=,mdUSEXUUuVvsxLOukifY59XP3Q8=
167,-170,B58xCdNZ7WGB3Rt7ayhoxTxTgzs=,mdUSEXUUuVvsxLOukifY59XP3Q8=
166,-170,B58xCdNZ7WGB3Rt7ayhoxTxTgzs=,mdUSEXUUuVvsxLOukifY59XP3Q8=
168,-171,B58xCdNZ7WGB3Rt7ayhoxTxTgzs=,mdUSEXUUuVvsxLOukifY59XP3Q8=
170,-171,B58xCdNZ7WGB3Rt7ayhoxTxTgzs=,mdUSEXUUuVvsxLOukifY59XP3Q8=
173,-171,B58xCdNZ7WGB3Rt7ayhoxTxTgzs=,mdUSEXUUuVvsxLOukifY59XP3Q8=
169,-171,B58xCdNZ7WGB3Rt7ayhoxTxTgzs=,mdUSEXUUuVvsxLOukifY59XP3Q8=
166,-171,B58xCdNZ7WGB3Rt7ayhoxTxTgzs=,mdUSEXUUuVvsxLOukifY59XP3Q8=
167,-176,B58xCdNZ7WGB3Rt7ayhoxTxTgzs=,mdUSEXUUuVvsxLOukifY59XP3Q8=
163,-174,B58xCdNZ7WGB3Rt7ayhoxTxTgzs=,mdUSEXUUuVvsxLOukifY59XP3Q8=
164,-171,B58xCdNZ7WGB3Rt7ayhoxTxTgzs=,mdUSEXUUuVvsxLOukifY59XP3Q8=
162,-171,B58xCdNZ7WGB3Rt7ayhoxTxTgzs=,mdUSEXUUuVvsxLOukifY59XP3Q8=
165,-171,B58xCdNZ7WGB3Rt7ayhoxTxTgzs=,mdUSEXUUuVvsxLOukifY59XP3Q8=
167,-171,B58xCdNZ7WGB3Rt7ayhoxTxTgzs=,mdUSEXUUuVvsxLOukifY59XP3Q8=
172,-171,B58xCdNZ7WGB3Rt7ayhoxTxTgzs=,mdUSEXUUuVvsxLOukifY59XP3Q8=
171,-171,B58xCdNZ7WGB3Rt7ayhoxTxTgzs=,mdUSEXUUuVvsxLOukifY59XP3Q8=
163,-171,B58xCdNZ7WGB3Rt7ayhoxTxTgzs=,mdUSEXUUuVvsxLOukifY59XP3Q8=
174,-172,B58xCdNZ7WGB3Rt7ayhoxTxTgzs=,mdUSEXUUuVvsxLOukifY59XP3Q8=
171,-170,B58xCdNZ7WGB3Rt7ayhoxTxTgzs=,mdUSEXUUuVvsxLOukifY59XP3Q8=
166,-176,B58xCdNZ7WGB3Rt7ayhoxTxTgzs=,mdUSEXUUuVvsxLOukifY59XP3Q8=
172,-172,B58xCdNZ7WGB3Rt7ayhoxTxTgzs=,mdUSEXUUuVvsxLOukifY59XP3Q8=
168,-167,B58xCdNZ7WGB3Rt7ayhoxTxTgzs=,mdUSEXUUuVvsxLOukifY59XP3Q8=
169,-172,B58xCdNZ7WGB3Rt7ayhoxTxTgzs=,mdUSEXUUuVvsxLOukifY59XP3Q8=
168,-172,B58xCdNZ7WGB3Rt7ayhoxTxTgzs=,mdUSEXUUuVvsxLOukifY59XP3Q8=
170,-172,B58xCdNZ7WGB3Rt7ayhoxTxTgzs=,mdUSEXUUuVvsxLOukifY59XP3Q8=
166,-172,B58xCdNZ7WGB3Rt7ayhoxTxTgzs=,mdUSEXUUuVvsxLOukifY59XP3Q8=
167,-172,B58xCdNZ7WGB3Rt7ayhoxTxTgzs=,mdUSEXUUuVvsxLOukifY59XP3Q8=
165,-172,B58xCdNZ7WGB3Rt7ayhoxTxTgzs=,mdUSEXUUuVvsxLOukifY59XP3Q8=
163,-172,B58xCdNZ7WGB3Rt7ayhoxTxTgzs=,mdUSEXUUuVvsxLOukifY59XP3Q8=
165,-176,B58xCdNZ7WGB3Rt7ayhoxTxTgzs=,mdUSEXUUuVvsxLOukifY59XP3Q8=
175,-172,B58xCdNZ7WGB3Rt7ayhoxTxTgzs=,mdUSEXUUuVvsxLOukifY59XP3Q8=
175,-173,B58xCdNZ7WGB3Rt7ayhoxTxTgzs=,mdUSEXUUuVvsxLOukifY59XP3Q8=
160,-172,B58xCdNZ7WGB3Rt7ayhoxTxTgzs=,mdUSEXUUuVvsxLOukifY59XP3Q8=
161,-171,B58xCdNZ7WGB3Rt7ayhoxTxTgzs=,mdUSEXUUuVvsxLOukifY59XP3Q8=
174,-173,B58xCdNZ7WGB3Rt7ayhoxTxTgzs=,mdUSEXUUuVvsxLOukifY59XP3Q8=
168,-169,B58xCdNZ7WGB3Rt7ayhoxTxTgzs=,mdUSEXUUuVvsxLOukifY59XP3Q8=
162,-174,B58xCdNZ7WGB3Rt7ayhoxTxTgzs=,mdUSEXUUuVvsxLOukifY59XP3Q8=
161,-174,B58xCdNZ7WGB3Rt7ayhoxTxTgzs=,mdUSEXUUuVvsxLOukifY59XP3Q8=
162,-172,B58xCdNZ7WGB3Rt7ayhoxTxTgzs=,mdUSEXUUuVvsxLOukifY59XP3Q8=
166,-174,B58xCdNZ7WGB3Rt7ayhoxTxTgzs=,mdUSEXUUuVvsxLOukifY59XP3Q8=
164,-172,B58xCdNZ7WGB3Rt7ayhoxTxTgzs=,mdUSEXUUuVvsxLOukifY59XP3Q8=
171,-172,B58xCdNZ7WGB3Rt7ayhoxTxTgzs=,mdUSEXUUuVvsxLOukifY59XP3Q8=
173,-172,B58xCdNZ7WGB3Rt7ayhoxTxTgzs=,mdUSEXUUuVvsxLOukifY59XP3Q8=
160,-171,B58xCdNZ7WGB3Rt7ayhoxTxTgzs=,mdUSEXUUuVvsxLOukifY59XP3Q8=
173,-173,B58xCdNZ7WGB3Rt7ayhoxTxTgzs=,mdUSEXUUuVvsxLOukifY59XP3Q8=
161,-172,B58xCdNZ7WGB3Rt7ayhoxTxTgzs=,mdUSEXUUuVvsxLOukifY59XP3Q8=
170,-169,B58xCdNZ7WGB3Rt7ayhoxTxTgzs=,mdUSEXUUuVvsxLOukifY59XP3Q8=
